{"sentences":[{"id":0,"content":"aah good afternoon thank you to contact them of my name is lisa how may i assist you today","tokens":["aah","good","afternoon","thank","you","to","contact","them","of","my","name","is","lisa","how","may","i","assist","you","today"],"labels":[],"metadata":[{"key":"speaker","value":"agent","pinned":true}]},{"id":1,"content":"hi i'm trying to load again to my aah it's which one and aah i had the password i'm good noon and it's coming up in the right when i get aah got password aah i read you the email","tokens":["hi","i","'m","trying","to","load","again","to","my","aah","it","'s","which","one","and","aah","i","had","the","password","i","'m","good","noon","and","it","'s","coming","up","in","the","right","when","i","get","aah","got","password","aah","i","read","you","the","email"],"labels":[],"metadata":[{"key":"speaker","value":"customer","pinned":true}]},{"id":2,"content":"well give me aah let me have the state you call from sir","tokens":["well","give","me","aah","let","me","have","the","state","you","call","from","sir"],"labels":[],"metadata":[{"key":"speaker","value":"agent","pinned":true}]},{"id":3,"content":"new jersey","tokens":["new","jersey"],"labels":[],"metadata":[{"key":"speaker","value":"customer","pinned":true}]},{"id":4,"content":"okay and hold on","tokens":["okay","and","hold","on"],"labels":[],"metadata":[{"key":"speaker","value":"agent","pinned":true}]},{"id":5,"content":"right","tokens":["right"],"labels":[],"metadata":[{"key":"speaker","value":"customer","pinned":true}]},{"id":6,"content":"let me have your phone number associated with your account","tokens":["let","me","have","your","phone","number","associated","with","your","account"],"labels":[],"metadata":[{"key":"speaker","value":"agent","pinned":true}]},{"id":7,"content":"seven three two eight two four nine six one four correct","tokens":["seven","three","two","eight","two","four","nine","six","one","four","correct"],"labels":[],"metadata":[{"key":"speaker","value":"customer","pinned":true}]},{"id":8,"content":"okay sir aah can i have your four and last name","tokens":["okay","sir","aah","can","i","have","your","four","and","last","name"],"labels":[],"metadata":[{"key":"speaker","value":"agent","pinned":true}]},{"id":9,"content":"francisco two zero","tokens":["francisco","two","zero"],"labels":[],"metadata":[{"key":"speaker","value":"customer","pinned":true}]},{"id":10,"content":"mister toledo i have to ask to scary question your favorite sports team","tokens":["mister","toledo","i","have","to","ask","to","scary","question","your","favorite","sports","team"],"labels":[],"metadata":[{"key":"speaker","value":"agent","pinned":true}]},{"id":11,"content":"forty nine five","tokens":["forty","nine","five"],"labels":[],"metadata":[{"key":"speaker","value":"customer","pinned":true}]},{"id":12,"content":"and your first pet name","tokens":["and","your","first","pet","name"],"labels":[],"metadata":[{"key":"speaker","value":"agent","pinned":true}]},{"id":13,"content":"tony","tokens":["tony"],"labels":[],"metadata":[{"key":"speaker","value":"customer","pinned":true}]},{"id":14,"content":"okay sir aah","tokens":["okay","sir","aah"],"labels":[],"metadata":[{"key":"speaker","value":"agent","pinned":true}]},{"id":15,"content":"and the emails the difference just go we noticed you trying to where sure what the email i got already is it and good","tokens":["and","the","emails","the","difference","just","go","we","noticed","you","trying","to","where","sure","what","the","email","i","got","already","is","it","and","good"],"labels":[],"metadata":[{"key":"speaker","value":"customer","pinned":true}]},{"id":16,"content":"okay oh one sir please hold","tokens":["okay","oh","one","sir","please","hold"],"labels":[],"metadata":[{"key":"speaker","value":"agent","pinned":true}]},{"id":17,"content":"on that again okay so","tokens":["on","that","again","okay","so"],"labels":[],"metadata":[{"key":"speaker","value":"customer","pinned":true}]},{"id":18,"content":"hello","tokens":["hello"],"labels":[],"metadata":[{"key":"speaker","value":"agent","pinned":true}]},{"id":19,"content":"yeah","tokens":["yeah"],"labels":[],"metadata":[{"key":"speaker","value":"customer","pinned":true}]},{"id":20,"content":"oh hi sir","tokens":["oh","hi","sir"],"labels":[],"metadata":[{"key":"speaker","value":"agent","pinned":true}]},{"id":21,"content":"yeah","tokens":["yeah"],"labels":[],"metadata":[{"key":"speaker","value":"customer","pinned":true}]},{"id":22,"content":"aah you have to submit bank statement","tokens":["aah","you","have","to","submit","bank","statement"],"labels":[],"metadata":[{"key":"speaker","value":"agent","pinned":true}]},{"id":23,"content":"i know but i've seen it logged in","tokens":["i","know","but","i","'ve","seen","it","logged","in"],"labels":[],"metadata":[{"key":"speaker","value":"customer","pinned":true}]},{"id":24,"content":"you k log into we finished verifying your account okay","tokens":["you","k","log","into","we","finished","verifying","your","account","okay"],"labels":[],"metadata":[{"key":"speaker","value":"agent","pinned":true}]},{"id":25,"content":"yeah huh and i gotta log in so i can verify my guy unit but every time i tried it a lot log in and the little box the","tokens":["yeah","huh","and","i","gotta","log","in","so","i","can","verify","my","guy","unit","but","every","time","i","tried","it","a","lot","log","in","and","the","little","box","the"],"labels":[],"metadata":[{"key":"speaker","value":"customer","pinned":true}]},{"id":26,"content":"no","tokens":["no"],"labels":[],"metadata":[{"key":"speaker","value":"agent","pinned":true}]},{"id":27,"content":"i","tokens":["i"],"labels":[],"metadata":[{"key":"speaker","value":"customer","pinned":true}]},{"id":28,"content":"we","tokens":["we"],"labels":[],"metadata":[{"key":"speaker","value":"agent","pinned":true}]},{"id":29,"content":"know","tokens":["know"],"labels":[],"metadata":[{"key":"speaker","value":"customer","pinned":true}]},{"id":30,"content":"do what we we to verify your documents you have the email the the statement is","tokens":["do","what","we","we","to","verify","your","documents","you","have","the","email","the","the","statement","is"],"labels":[],"metadata":[{"key":"speaker","value":"agent","pinned":true}]},{"id":31,"content":"when i did my driver's license i aah i logged in and what do you call it the aah a little box okay well i you know hey i'm loading and the drivers license resolve room","tokens":["when","i","did","my","driver","'s","license","i","aah","i","logged","in","and","what","do","you","call","it","the","aah","a","little","box","okay","well","i","you","know","hey","i","'m","loading","and","the","drivers","license","resolve","room"],"labels":[],"metadata":[{"key":"speaker","value":"customer","pinned":true}]},{"id":32,"content":"okay so we need a utility bill or statement or bank statement","tokens":["okay","so","we","need","a","utility","bill","or","statement","or","bank","statement"],"labels":[],"metadata":[{"key":"speaker","value":"agent","pinned":true}]},{"id":33,"content":"alright i have aah aah aah my license suspended it's","tokens":["alright","i","have","aah","aah","aah","my","license","suspended","it","'s"],"labels":[],"metadata":[{"key":"speaker","value":"customer","pinned":true}]},{"id":34,"content":"is","tokens":["is"],"labels":[],"metadata":[{"key":"speaker","value":"agent","pinned":true}]},{"id":35,"content":"is valid","tokens":["is","valid"],"labels":[],"metadata":[{"key":"speaker","value":"customer","pinned":true}]},{"id":36,"content":"what","tokens":["what"],"labels":[],"metadata":[{"key":"speaker","value":"agent","pinned":true}]},{"id":37,"content":"now aah if i sent the this stage in new jersey surcharge would that do","tokens":["now","aah","if","i","sent","the","this","stage","in","new","jersey","surcharge","would","that","do"],"labels":[],"metadata":[{"key":"speaker","value":"customer","pinned":true}]},{"id":38,"content":"the license are good sir we need address verification okay","tokens":["the","license","are","good","sir","we","need","address","verification","okay"],"labels":[],"metadata":[{"key":"speaker","value":"agent","pinned":true}]},{"id":39,"content":"but that's what i'm saying on on the surcharge done","tokens":["but","that","'s","what","i","'m","saying","on","on","the","surcharge","done"],"labels":[],"metadata":[{"key":"speaker","value":"customer","pinned":true}]},{"id":40,"content":"sir","tokens":["sir"],"labels":[],"metadata":[{"key":"speaker","value":"agent","pinned":true}]},{"id":41,"content":"the","tokens":["the"],"labels":[],"metadata":[{"key":"speaker","value":"customer","pinned":true}]},{"id":42,"content":"sir","tokens":["sir"],"labels":[],"metadata":[{"key":"speaker","value":"agent","pinned":true}]},{"id":43,"content":"the light","tokens":["the","light"],"labels":[],"metadata":[{"key":"speaker","value":"customer","pinned":true}]},{"id":44,"content":"sir","tokens":["sir"],"labels":[],"metadata":[{"key":"speaker","value":"agent","pinned":true}]},{"id":45,"content":"is somebody","tokens":["is","somebody"],"labels":[],"metadata":[{"key":"speaker","value":"customer","pinned":true}]},{"id":46,"content":"sir","tokens":["sir"],"labels":[],"metadata":[{"key":"speaker","value":"agent","pinned":true}]},{"id":47,"content":"there","tokens":["there"],"labels":[],"metadata":[{"key":"speaker","value":"customer","pinned":true}]},{"id":48,"content":"sir we need a bank statement light bill cable bill that's what we need or a bank statement","tokens":["sir","we","need","a","bank","statement","light","bill","cable","bill","that","'s","what","we","need","or","a","bank","statement"],"labels":[],"metadata":[{"key":"speaker","value":"agent","pinned":true}]},{"id":49,"content":"all right","tokens":["all","right"],"labels":[],"metadata":[{"key":"speaker","value":"customer","pinned":true}]},{"id":50,"content":"so you have the email is sir","tokens":["so","you","have","the","email","is","sir"],"labels":[],"metadata":[{"key":"speaker","value":"agent","pinned":true}]},{"id":51,"content":"aah","tokens":["aah"],"labels":[],"metadata":[{"key":"speaker","value":"customer","pinned":true}]},{"id":52,"content":"okay sir is there anything else i could assist you with today sir","tokens":["okay","sir","is","there","anything","else","i","could","assist","you","with","today","sir"],"labels":[],"metadata":[{"key":"speaker","value":"agent","pinned":true}]},{"id":53,"content":"not sure","tokens":["not","sure"],"labels":[],"metadata":[{"key":"speaker","value":"customer","pinned":true}]},{"id":54,"content":"okay all right have a great day bye","tokens":["okay","all","right","have","a","great","day","bye"],"labels":[],"metadata":[{"key":"speaker","value":"agent","pinned":true}]},{"id":55,"content":"","tokens":[],"labels":[],"metadata":[{"key":"speaker","value":"","pinned":true}]}],"labelerInfo":{"id":3732,"email":"raden.fikri@datasaur.ai","displayName":"Raden Fikri Ihza Dwi Nanda"},"labelSets":[{"index":0,"labelItems":[{"id":"nKL3G7BYmaZQN4dhh3Vt6","labelName":"Incorrect Phrase","parentId":null,"color":null},{"id":"H1mdmWGabDLNxk8SPDF0b","labelName":"Ambiguous Phrase","parentId":null,"color":null},{"id":"mrxXJVJd5EPCY1H0ohS7T","labelName":"DLM","parentId":null,"color":null},{"id":"fuySN6A-JXzWQtxXh8CNh","labelName":"Interaction Greeting","color":null}]},{"index":1,"labelItems":[{"id":"L_cCYcsBujUPySm0wy4KQ","labelName":"Paraphrasing​","parentId":null,"color":null},{"id":"1-gtPELa9guNa5QitLpnI","labelName":"Interaction Ownership​","parentId":null,"color":null},{"id":"3vBhgbkfAEtZSatKosMDy","labelName":"Agent Probing​","parentId":null,"color":null},{"id":"Aw8BubJsDBZC-SP9lHxet","labelName":"Offer Self Help​","parentId":null,"color":null},{"id":"MUREhm6MlSLCC7HLWx8Uf","labelName":"Offer Additional Assistance​","parentId":null,"color":null},{"id":"t1eDBMnM8Gyarze3XHeQm","labelName":"Willingness to Assist​","parentId":null,"color":null},{"id":"qMgyiEJYM60xDXeDqUqCc","labelName":"Agent Politeness​","parentId":null,"color":null},{"id":"wVFXoJmoN8cmHYC0_fhj8","labelName":"Agent Rapport​","parentId":null,"color":null},{"id":"WpkYoqBbuXbI2amo0pPSG","labelName":"Agent Inactive Listening​","parentId":null,"color":null},{"id":"jdb2pNyWCqF3aDTHhoXex","labelName":"Agent Rudeness​","parentId":null,"color":null},{"id":"MZqniESoD55qDObtTp3Vw","labelName":"Agent Empathy​","parentId":null,"color":null},{"id":"8msAkL6RrB6K6rnnGUMiH","labelName":"Lack of confidence​","parentId":null,"color":null},{"id":"dcKzZX_NCdUttfkZEOEgp","labelName":"Interaction Greeting","parentId":null,"color":null},{"id":"cOfaOEwuUym4YzDBGEvTE","labelName":"Company Name​","parentId":null,"color":null},{"id":"SN85C2rQQL98DtPtrY_o9","labelName":"Agent Introduction","parentId":null,"color":null},{"id":"oekwyozExuTAolGMj6eTp","labelName":"Customer Introduction","parentId":null,"color":null},{"id":"dJMP6jGn1h27cxYQZfMzE","labelName":"Authenticate Customer​","parentId":null,"color":null},{"id":"Uy6yZAw88I-zz0dre74kl","labelName":"Required Disclosures​","parentId":null,"color":null},{"id":"8s78v7LXjYOUAu4vfTEu4","labelName":"Agent Profanity","parentId":null,"color":null},{"id":"3SgZnfV2btw_IbSXPYhWa","labelName":"Conversation Recap","parentId":null,"color":null},{"id":"5njAKstgXlOJQgcy3__-j","labelName":"Agent Verify Resolution","parentId":null,"color":null},{"id":"pxXwUOtFQTkagE1O3DIT4","labelName":"Interaction Closing","parentId":null,"color":null}]},{"index":2,"labelItems":[{"id":"42mfNS7cP9VP53E2U-1FW","labelName":"What is the caller looking for?","parentId":null,"color":null}]}],"labels":[],"comments":[]}
