{"sentences":[{"id":0,"content":"d","tokens":["d"],"labels":[],"metadata":[{"key":"speaker","value":"customer","pinned":true}]},{"id":1,"content":"thanks for calling this is customer support this is brittany how can i okay","tokens":["thanks","for","calling","this","is","customer","support","this","is","brittany","how","can","i","okay"],"labels":[],"metadata":[{"key":"speaker","value":"agent","pinned":true}]},{"id":2,"content":"i i'm having trouble log in my account is aah i'm unlocked locked oh","tokens":["i","i","'m","having","trouble","log","in","my","account","is","aah","i","'m","unlocked","locked","oh"],"labels":[],"metadata":[{"key":"speaker","value":"customer","pinned":true}]},{"id":3,"content":"okay what's that are you calling from","tokens":["okay","what","'s","that","are","you","calling","from"],"labels":[],"metadata":[{"key":"speaker","value":"agent","pinned":true}]},{"id":4,"content":"i will","tokens":["i","will"],"labels":[],"metadata":[{"key":"speaker","value":"customer","pinned":true}]},{"id":5,"content":"okay","tokens":["okay"],"labels":[],"metadata":[{"key":"speaker","value":"agent","pinned":true}]},{"id":6,"content":"you","tokens":["you"],"labels":[],"metadata":[{"key":"speaker","value":"customer","pinned":true}]},{"id":7,"content":"one second was i mean what's your last name","tokens":["one","second","was","i","mean","what","'s","your","last","name"],"labels":[],"metadata":[{"key":"speaker","value":"agent","pinned":true}]},{"id":8,"content":"i see a v a n","tokens":["i","see","a","v","a","n"],"labels":[],"metadata":[{"key":"speaker","value":"customer","pinned":true}]},{"id":9,"content":"what's your first name","tokens":["what","'s","your","first","name"],"labels":[],"metadata":[{"key":"speaker","value":"agent","pinned":true}]},{"id":10,"content":"transfer one c h a n s a m o r n","tokens":["transfer","one","c","h","a","n","s","a","m","o","r","n"],"labels":[],"metadata":[{"key":"speaker","value":"customer","pinned":true}]},{"id":11,"content":"can you please verify your date of birth and line four of your social","tokens":["can","you","please","verify","your","date","of","birth","and","line","four","of","your","social"],"labels":[],"metadata":[{"key":"speaker","value":"agent","pinned":true}]},{"id":12,"content":"twelve six seventy six and then we'll see one five eight four","tokens":["twelve","six","seventy","six","and","then","we","'ll","see","one","five","eight","four"],"labels":[],"metadata":[{"key":"speaker","value":"customer","pinned":true}]},{"id":13,"content":"what kind of message are you getting","tokens":["what","kind","of","message","are","you","getting"],"labels":[],"metadata":[{"key":"speaker","value":"agent","pinned":true}]},{"id":14,"content":"aah if this i am i'm locked out aah i hold on so you just said aah tried to put my password but it didn't work","tokens":["aah","if","this","i","am","i","'m","locked","out","aah","i","hold","on","so","you","just","said","aah","tried","to","put","my","password","but","it","did","n't","work"],"labels":[],"metadata":[{"key":"speaker","value":"customer","pinned":true}]},{"id":15,"content":"aah not that your locked got your account","tokens":["aah","not","that","your","locked","got","your","account"],"labels":[],"metadata":[{"key":"speaker","value":"agent","pinned":true}]},{"id":16,"content":"no","tokens":["no"],"labels":[],"metadata":[{"key":"speaker","value":"customer","pinned":true}]},{"id":17,"content":"aah yeah i'm not showing anything that's your i got your account let","tokens":["aah","yeah","i","'m","not","showing","anything","that","'s","your","i","got","your","account","let"],"labels":[],"metadata":[{"key":"speaker","value":"agent","pinned":true}]},{"id":18,"content":"oh","tokens":["oh"],"labels":[],"metadata":[{"key":"speaker","value":"customer","pinned":true}]},{"id":19,"content":"me you","tokens":["me","you"],"labels":[],"metadata":[{"key":"speaker","value":"agent","pinned":true}]},{"id":20,"content":"m","tokens":["m"],"labels":[],"metadata":[{"key":"speaker","value":"customer","pinned":true}]},{"id":21,"content":"on a brief","tokens":["on","a","brief"],"labels":[],"metadata":[{"key":"speaker","value":"agent","pinned":true}]},{"id":22,"content":"s","tokens":["s"],"labels":[],"metadata":[{"key":"speaker","value":"customer","pinned":true}]},{"id":23,"content":"hold okay","tokens":["hold","okay"],"labels":[],"metadata":[{"key":"speaker","value":"agent","pinned":true}]},{"id":24,"content":"that's was that","tokens":["that","'s","was","that"],"labels":[],"metadata":[{"key":"speaker","value":"customer","pinned":true}]},{"id":25,"content":"well let me place you on a brief hold","tokens":["well","let","me","place","you","on","a","brief","hold"],"labels":[],"metadata":[{"key":"speaker","value":"agent","pinned":true}]},{"id":26,"content":"is it see your okay the okay you too you see it on so okay somebody nothing yet she but","tokens":["is","it","see","your","okay","the","okay","you","too","you","see","it","on","so","okay","somebody","nothing","yet","she","but"],"labels":[],"metadata":[{"key":"speaker","value":"customer","pinned":true}]},{"id":27,"content":"hello sir","tokens":["hello","sir"],"labels":[],"metadata":[{"key":"speaker","value":"agent","pinned":true}]},{"id":28,"content":"yeah","tokens":["yeah"],"labels":[],"metadata":[{"key":"speaker","value":"customer","pinned":true}]},{"id":29,"content":"if are you getting any kind of aah the","tokens":["if","are","you","getting","any","kind","of","aah","the"],"labels":[],"metadata":[{"key":"speaker","value":"agent","pinned":true}]},{"id":30,"content":"is","tokens":["is"],"labels":[],"metadata":[{"key":"speaker","value":"customer","pinned":true}]},{"id":31,"content":"location error","tokens":["location","error"],"labels":[],"metadata":[{"key":"speaker","value":"agent","pinned":true}]},{"id":32,"content":"it no it just says yeah we're tryna it incorrect","tokens":["it","no","it","just","says","yeah","we","'re","tryna","it","incorrect"],"labels":[],"metadata":[{"key":"speaker","value":"customer","pinned":true}]},{"id":33,"content":"they can verify your","tokens":["they","can","verify","your"],"labels":[],"metadata":[{"key":"speaker","value":"agent","pinned":true}]},{"id":34,"content":"in","tokens":["in"],"labels":[],"metadata":[{"key":"speaker","value":"customer","pinned":true}]},{"id":35,"content":"patience","tokens":["patience"],"labels":[],"metadata":[{"key":"speaker","value":"agent","pinned":true}]},{"id":36,"content":"aah i can try in like this because i it","tokens":["aah","i","can","try","in","like","this","because","i","it"],"labels":[],"metadata":[{"key":"speaker","value":"customer","pinned":true}]},{"id":37,"content":"yeah","tokens":["yeah"],"labels":[],"metadata":[{"key":"speaker","value":"agent","pinned":true}]},{"id":38,"content":"says your account will be locked into incorrect past because we're the account it says you always even an email or how to unlock it","tokens":["says","your","account","will","be","locked","into","incorrect","past","because","we","'re","the","account","it","says","you","always","even","an","email","or","how","to","unlock","it"],"labels":[],"metadata":[{"key":"speaker","value":"customer","pinned":true}]},{"id":39,"content":"aah asking what kind of other error message are you giving get like aah a location message","tokens":["aah","asking","what","kind","of","other","error","message","are","you","giving","get","like","aah","a","location","message"],"labels":[],"metadata":[{"key":"speaker","value":"agent","pinned":true}]},{"id":40,"content":"no no that","tokens":["no","no","that"],"labels":[],"metadata":[{"key":"speaker","value":"customer","pinned":true}]},{"id":41,"content":"okay have you recently went out of town on vacation","tokens":["okay","have","you","recently","went","out","of","town","on","vacation"],"labels":[],"metadata":[{"key":"speaker","value":"agent","pinned":true}]},{"id":42,"content":"yeah oh i was i was paid a couple of days ago","tokens":["yeah","oh","i","was","i","was","paid","a","couple","of","days","ago"],"labels":[],"metadata":[{"key":"speaker","value":"customer","pinned":true}]},{"id":43,"content":"and you try to use your account up there","tokens":["and","you","try","to","use","your","account","up","there"],"labels":[],"metadata":[{"key":"speaker","value":"agent","pinned":true}]},{"id":44,"content":"yeah yeah","tokens":["yeah","yeah"],"labels":[],"metadata":[{"key":"speaker","value":"customer","pinned":true}]},{"id":45,"content":"okay so your account with both i'll have to email or software department and see if they can go ahead and look into this for you okay","tokens":["okay","so","your","account","with","both","i","'ll","have","to","email","or","software","department","and","see","if","they","can","go","ahead","and","look","into","this","for","you","okay"],"labels":[],"metadata":[{"key":"speaker","value":"agent","pinned":true}]},{"id":46,"content":"okay thank you","tokens":["okay","thank","you"],"labels":[],"metadata":[{"key":"speaker","value":"customer","pinned":true}]},{"id":47,"content":"aah you're welcome okay because i can help you with","tokens":["aah","you're","welcome","okay","because","i","can","help","you","with"],"labels":[],"metadata":[{"key":"speaker","value":"agent","pinned":true}]},{"id":48,"content":"that'd be it","tokens":["that","'d","be","it"],"labels":[],"metadata":[{"key":"speaker","value":"customer","pinned":true}]},{"id":49,"content":"okay thank you for your contacts you have a great day","tokens":["okay","thank","you","for","your","contacts","you","have","a","great","day"],"labels":[],"metadata":[{"key":"speaker","value":"agent","pinned":true}]},{"id":50,"content":"aah my","tokens":["aah","my"],"labels":[],"metadata":[{"key":"speaker","value":"customer","pinned":true}]},{"id":51,"content":"bye","tokens":["bye"],"labels":[],"metadata":[{"key":"speaker","value":"agent","pinned":true}]},{"id":52,"content":"","tokens":[],"labels":[],"metadata":[{"key":"speaker","value":"","pinned":true}]}],"labelerInfo":{"id":3732,"email":"raden.fikri@datasaur.ai","displayName":"Raden Fikri Ihza Dwi Nanda"},"labelSets":[{"index":0,"labelItems":[{"id":"nKL3G7BYmaZQN4dhh3Vt6","labelName":"Incorrect Phrase","parentId":null,"color":null},{"id":"H1mdmWGabDLNxk8SPDF0b","labelName":"Ambiguous Phrase","parentId":null,"color":null},{"id":"mrxXJVJd5EPCY1H0ohS7T","labelName":"DLM","parentId":null,"color":null},{"id":"fuySN6A-JXzWQtxXh8CNh","labelName":"Interaction Greeting","color":null}]},{"index":1,"labelItems":[{"id":"L_cCYcsBujUPySm0wy4KQ","labelName":"Paraphrasing​","parentId":null,"color":null},{"id":"1-gtPELa9guNa5QitLpnI","labelName":"Interaction Ownership​","parentId":null,"color":null},{"id":"3vBhgbkfAEtZSatKosMDy","labelName":"Agent Probing​","parentId":null,"color":null},{"id":"Aw8BubJsDBZC-SP9lHxet","labelName":"Offer Self Help​","parentId":null,"color":null},{"id":"MUREhm6MlSLCC7HLWx8Uf","labelName":"Offer Additional Assistance​","parentId":null,"color":null},{"id":"t1eDBMnM8Gyarze3XHeQm","labelName":"Willingness to Assist​","parentId":null,"color":null},{"id":"qMgyiEJYM60xDXeDqUqCc","labelName":"Agent Politeness​","parentId":null,"color":null},{"id":"wVFXoJmoN8cmHYC0_fhj8","labelName":"Agent Rapport​","parentId":null,"color":null},{"id":"WpkYoqBbuXbI2amo0pPSG","labelName":"Agent Inactive Listening​","parentId":null,"color":null},{"id":"jdb2pNyWCqF3aDTHhoXex","labelName":"Agent Rudeness​","parentId":null,"color":null},{"id":"MZqniESoD55qDObtTp3Vw","labelName":"Agent Empathy​","parentId":null,"color":null},{"id":"8msAkL6RrB6K6rnnGUMiH","labelName":"Lack of confidence​","parentId":null,"color":null},{"id":"dcKzZX_NCdUttfkZEOEgp","labelName":"Interaction Greeting","parentId":null,"color":null},{"id":"cOfaOEwuUym4YzDBGEvTE","labelName":"Company Name​","parentId":null,"color":null},{"id":"SN85C2rQQL98DtPtrY_o9","labelName":"Agent Introduction","parentId":null,"color":null},{"id":"oekwyozExuTAolGMj6eTp","labelName":"Customer Introduction","parentId":null,"color":null},{"id":"dJMP6jGn1h27cxYQZfMzE","labelName":"Authenticate Customer​","parentId":null,"color":null},{"id":"Uy6yZAw88I-zz0dre74kl","labelName":"Required Disclosures​","parentId":null,"color":null},{"id":"8s78v7LXjYOUAu4vfTEu4","labelName":"Agent Profanity","parentId":null,"color":null},{"id":"3SgZnfV2btw_IbSXPYhWa","labelName":"Conversation Recap","parentId":null,"color":null},{"id":"5njAKstgXlOJQgcy3__-j","labelName":"Agent Verify Resolution","parentId":null,"color":null},{"id":"pxXwUOtFQTkagE1O3DIT4","labelName":"Interaction Closing","parentId":null,"color":null}]},{"index":2,"labelItems":[{"id":"42mfNS7cP9VP53E2U-1FW","labelName":"What is the caller looking for?","parentId":null,"color":null}]}],"labels":[],"comments":[]}
