{"sentences":[{"id":0,"content":"thank you for calling features first both how can i help you","tokens":["thank","you","for","calling","features","first","both","how","can","i","help","you"],"labels":[],"metadata":[{"key":"speaker","value":"agent","pinned":true}]},{"id":1,"content":"hi good morning this is i'm i'm trying to you what happened i'm trying to be possible into my account at the start playing aah my credit kind of my bank card aah the stop time from the from aah my account ten it's not taken in cash i call in my bank i call in my credit card company they say they didn't see nothing from my end i'm not that i'm he's aah i'll put them in service so i have some problem sometimes when i yes you can you cleared up for me i kindly take a look please","tokens":["hi","good","morning","this","is","i","'m","i","'m","trying","to","you","what","happened","i","'m","trying","to","be","possible","into","my","account","at","the","start","playing","aah","my","credit","kind","of","my","bank","card","aah","the","stop","time","from","the","from","aah","my","account","ten","it","'s","not","taken","in","cash","i","call","in","my","bank","i","call","in","my","credit","card","company","they","say","they","did","n't","see","nothing","from","my","end","i","'m","not","that","i","'m","he","'s","aah","i","'ll","put","them","in","service","so","i","have","some","problem","sometimes","when","i","yes","you","can","you","cleared","up","for","me","i","kindly","take","a","look","please"],"labels":[],"metadata":[{"key":"speaker","value":"customer","pinned":true}]},{"id":2,"content":"yeah what's your phone number","tokens":["yeah","what","'s","your","phone","number"],"labels":[],"metadata":[{"key":"speaker","value":"agent","pinned":true}]},{"id":3,"content":"five five one two six three so when it for you my name","tokens":["five","five","one","two","six","three","so","when","it","for","you","my","name"],"labels":[],"metadata":[{"key":"speaker","value":"customer","pinned":true}]},{"id":4,"content":"okay one second okay is this for a month","tokens":["okay","one","second","okay","is","this","for","a","month"],"labels":[],"metadata":[{"key":"speaker","value":"agent","pinned":true}]},{"id":5,"content":"yes it is","tokens":["yes","it","is"],"labels":[],"metadata":[{"key":"speaker","value":"customer","pinned":true}]},{"id":6,"content":"okay aah for security purposes just have to figure two security questions the first one is your face this port","tokens":["okay","aah","for","security","purposes","just","have","to","figure","two","security","questions","the","first","one","is","your","face","this","port"],"labels":[],"metadata":[{"key":"speaker","value":"agent","pinned":true}]},{"id":7,"content":"cricket","tokens":["cricket"],"labels":[],"metadata":[{"key":"speaker","value":"customer","pinned":true}]},{"id":8,"content":"in your favorite player","tokens":["in","your","favorite","player"],"labels":[],"metadata":[{"key":"speaker","value":"agent","pinned":true}]},{"id":9,"content":"something about","tokens":["something","about"],"labels":[],"metadata":[{"key":"speaker","value":"customer","pinned":true}]},{"id":10,"content":"thank you aah were you aware that on your now aah you","tokens":["thank","you","aah","were","you","aware","that","on","your","now","aah","you"],"labels":[],"metadata":[{"key":"speaker","value":"agent","pinned":true}]},{"id":11,"content":"okay","tokens":["okay"],"labels":[],"metadata":[{"key":"speaker","value":"customer","pinned":true}]},{"id":12,"content":"have a card reported stolen slash lost","tokens":["have","a","card","reported","stolen","slash","lost"],"labels":[],"metadata":[{"key":"speaker","value":"agent","pinned":true}]},{"id":13,"content":"yeah yeah","tokens":["yeah","yeah"],"labels":[],"metadata":[{"key":"speaker","value":"customer","pinned":true}]},{"id":14,"content":"okay so that's why you're not able to aah make a deposit aah","tokens":["okay","so","that","'s","why","you're","not","able","to","aah","make","a","deposit","aah"],"labels":[],"metadata":[{"key":"speaker","value":"agent","pinned":true}]},{"id":15,"content":"oh okay","tokens":["oh","okay"],"labels":[],"metadata":[{"key":"speaker","value":"customer","pinned":true}]},{"id":16,"content":"yeah so aah not your account is not necessarily locked but while as in the status","tokens":["yeah","so","aah","not","your","account","is","not","necessarily","locked","but","while","as","in","the","status"],"labels":[],"metadata":[{"key":"speaker","value":"agent","pinned":true}]},{"id":17,"content":"oh","tokens":["oh"],"labels":[],"metadata":[{"key":"speaker","value":"customer","pinned":true}]},{"id":18,"content":"of don't really know aah what's the best advice to give you i just know i have to reach out to aah aah let me place you on a brief hold let me ask my manager how i should move forward give me one second","tokens":["of","do","n't","really","know","aah","what","'s","the","best","advice","to","give","you","i","just","know","i","have","to","reach","out","to","aah","aah","let","me","place","you","on","a","brief","hold","let","me","ask","my","manager","how","i","should","move","forward","give","me","one","second"],"labels":[],"metadata":[{"key":"speaker","value":"agent","pinned":true}]},{"id":19,"content":"okay sir thank you","tokens":["okay","sir","thank","you"],"labels":[],"metadata":[{"key":"speaker","value":"customer","pinned":true}]},{"id":20,"content":"you're welcome aah do you remember which card aah that you reported on it","tokens":["you're","welcome","aah","do","you","remember","which","card","aah","that","you","reported","on","it"],"labels":[],"metadata":[{"key":"speaker","value":"agent","pinned":true}]},{"id":21,"content":"like","tokens":["like"],"labels":[],"metadata":[{"key":"speaker","value":"customer","pinned":true}]},{"id":22,"content":"right","tokens":["right"],"labels":[],"metadata":[{"key":"speaker","value":"agent","pinned":true}]},{"id":23,"content":"i think was zero zero eight two i","tokens":["i","think","was","zero","zero","eight","two","i"],"labels":[],"metadata":[{"key":"speaker","value":"customer","pinned":true}]},{"id":24,"content":"okay","tokens":["okay"],"labels":[],"metadata":[{"key":"speaker","value":"agent","pinned":true}]},{"id":25,"content":"think so i am not sure","tokens":["think","so","i","am","not","sure"],"labels":[],"metadata":[{"key":"speaker","value":"customer","pinned":true}]},{"id":26,"content":"okay and today i well not today i see you've been trying to make the deposit for a couple days aah","tokens":["okay","and","today","i","well","not","today","i","see","you","'ve","been","trying","to","make","the","deposit","for","a","couple","days","aah"],"labels":[],"metadata":[{"key":"speaker","value":"agent","pinned":true}]},{"id":27,"content":"exactly","tokens":["exactly"],"labels":[],"metadata":[{"key":"speaker","value":"customer","pinned":true}]},{"id":28,"content":"it says last week great","tokens":["it","says","last","week","great"],"labels":[],"metadata":[{"key":"speaker","value":"agent","pinned":true}]},{"id":29,"content":"yesterday yes yes","tokens":["yesterday","yes","yes"],"labels":[],"metadata":[{"key":"speaker","value":"customer","pinned":true}]},{"id":30,"content":"okay so aah what you may have to do is aah upload code i guess a picture of your new new card aah and i will have to email the payments department and let them know that you're trying to use the new card on the app i know they won't let you that old card but since you are trying it was a card we might be able to get them to that allow you to have access with these new card but i just need you to upload aah maybe aah","tokens":["okay","so","aah","what","you","may","have","to","do","is","aah","upload","code","i","guess","a","picture","of","your","new","new","card","aah","and","i","will","have","to","email","the","payments","department","and","let","them","know","that","you're","trying","to","use","the","new","card","on","the","app","i","know","they","wo","n't","let","you","that","old","card","but","since","you","are","trying","it","was","a","card","we","might","be","able","to","get","them","to","that","allow","you","to","have","access","with","these","new","card","but","i","just","need","you","to","upload","aah","maybe","aah"],"labels":[],"metadata":[{"key":"speaker","value":"agent","pinned":true}]},{"id":31,"content":"aah","tokens":["aah"],"labels":[],"metadata":[{"key":"speaker","value":"customer","pinned":true}]},{"id":32,"content":"a photo i d your","tokens":["a","photo","i","d","your"],"labels":[],"metadata":[{"key":"speaker","value":"agent","pinned":true}]},{"id":33,"content":"oh","tokens":["oh"],"labels":[],"metadata":[{"key":"speaker","value":"customer","pinned":true}]},{"id":34,"content":"i d","tokens":["i","d"],"labels":[],"metadata":[{"key":"speaker","value":"agent","pinned":true}]},{"id":35,"content":"that's","tokens":["that","'s"],"labels":[],"metadata":[{"key":"speaker","value":"customer","pinned":true}]},{"id":36,"content":"yes","tokens":["yes"],"labels":[],"metadata":[{"key":"speaker","value":"agent","pinned":true}]},{"id":37,"content":"about","tokens":["about"],"labels":[],"metadata":[{"key":"speaker","value":"customer","pinned":true}]},{"id":38,"content":"it's","tokens":["it","'s"],"labels":[],"metadata":[{"key":"speaker","value":"agent","pinned":true}]},{"id":39,"content":"what happened you","tokens":["what","happened","you"],"labels":[],"metadata":[{"key":"speaker","value":"customer","pinned":true}]},{"id":40,"content":"okay","tokens":["okay"],"labels":[],"metadata":[{"key":"speaker","value":"agent","pinned":true}]},{"id":41,"content":"have auto card that i use it's all it's already checked in but i never ready for those kind those guys we i don't know if you have any fraud on it those on","tokens":["have","auto","card","that","i","use","it","'s","all","it","'s","already","checked","in","but","i","never","ready","for","those","kind","those","guys","we","i","do","n't","know","if","you","have","any","fraud","on","it","those","on"],"labels":[],"metadata":[{"key":"speaker","value":"customer","pinned":true}]},{"id":42,"content":"right","tokens":["right"],"labels":[],"metadata":[{"key":"speaker","value":"agent","pinned":true}]},{"id":43,"content":"my credit card in","tokens":["my","credit","card","in"],"labels":[],"metadata":[{"key":"speaker","value":"customer","pinned":true}]},{"id":44,"content":"right so because your account is in that status of the basic yes it is disabled for fraud just in case anybody so try to use it so i will have have you a blue a picture of your i d and the new card that you want to use it has to have your first and last name on it and then i'll have to send it over to the payment and ask them to approve the transactions from this new card","tokens":["right","so","because","your","account","is","in","that","status","of","the","basic","yes","it","is","disabled","for","fraud","just","in","case","anybody","so","try","to","use","it","so","i","will","have","have","you","a","blue","a","picture","of","your","i","d","and","the","new","card","that","you","want","to","use","it","has","to","have","your","first","and","last","name","on","it","and","then","i","'ll","have","to","send","it","over","to","the","payment","and","ask","them","to","approve","the","transactions","from","this","new","card"],"labels":[],"metadata":[{"key":"speaker","value":"agent","pinned":true}]},{"id":45,"content":"aah if i'm wrong card to it was like i have two different times guy what can i put both says","tokens":["aah","if","i","'m","wrong","card","to","it","was","like","i","have","two","different","times","guy","what","can","i","put","both","says"],"labels":[],"metadata":[{"key":"speaker","value":"customer","pinned":true}]},{"id":46,"content":"absolutely","tokens":["absolutely"],"labels":[],"metadata":[{"key":"speaker","value":"agent","pinned":true}]},{"id":47,"content":"okay","tokens":["okay"],"labels":[],"metadata":[{"key":"speaker","value":"customer","pinned":true}]},{"id":48,"content":"aah aah the way that you can do it aah on the app you we have settings you hit your settings you clicked you hit account settings and then there's something cause secure documents upload you gonna upload the pictures to secure documents and then after you do that i want you to give your call so i can send over that email","tokens":["aah","aah","the","way","that","you","can","do","it","aah","on","the","app","you","we","have","settings","you","hit","your","settings","you","clicked","you","hit","account","settings","and","then","there","'s","something","cause","secure","documents","upload","you","gonna","upload","the","pictures","to","secure","documents","and","then","after","you","do","that","i","want","you","to","give","your","call","so","i","can","send","over","that","email"],"labels":[],"metadata":[{"key":"speaker","value":"agent","pinned":true}]},{"id":49,"content":"okay but you do you have a direct number","tokens":["okay","but","you","do","you","have","a","direct","number"],"labels":[],"metadata":[{"key":"speaker","value":"customer","pinned":true}]},{"id":50,"content":"the four payments or for you","tokens":["the","four","payments","or","for","you"],"labels":[],"metadata":[{"key":"speaker","value":"agent","pinned":true}]},{"id":51,"content":"no how are you contact with you aah i'm i'm","tokens":["no","how","are","you","contact","with","you","aah","i","'m","i","'m"],"labels":[],"metadata":[{"key":"speaker","value":"customer","pinned":true}]},{"id":52,"content":"aah","tokens":["aah"],"labels":[],"metadata":[{"key":"speaker","value":"agent","pinned":true}]},{"id":53,"content":"once that credit it","tokens":["once","that","credit","it"],"labels":[],"metadata":[{"key":"speaker","value":"customer","pinned":true}]},{"id":54,"content":"if you call back aah i'm i'm the one that's on the new jersey cause the you called back you could just ask for me by name or if you want i can call you back at a certain time","tokens":["if","you","call","back","aah","i","'m","i","'m","the","one","that","'s","on","the","new","jersey","cause","the","you","called","back","you","could","just","ask","for","me","by","name","or","if","you","want","i","can","call","you","back","at","a","certain","time"],"labels":[],"metadata":[{"key":"speaker","value":"agent","pinned":true}]},{"id":55,"content":"so now you're gonna send up for me i said click on about the job and see what settings his","tokens":["so","now","you're","gonna","send","up","for","me","i","said","click","on","about","the","job","and","see","what","settings","his"],"labels":[],"metadata":[{"key":"speaker","value":"customer","pinned":true}]},{"id":56,"content":"yeah so you're gonna go on app on your seizes app and you hit account settings and secured documents upload","tokens":["yeah","so","you're","gonna","go","on","app","on","your","seizes","app","and","you","hit","account","settings","and","secured","documents","upload"],"labels":[],"metadata":[{"key":"speaker","value":"agent","pinned":true}]},{"id":57,"content":"okay okay aah do you guys have an office dorsey","tokens":["okay","okay","aah","do","you","guys","have","an","office","dorsey"],"labels":[],"metadata":[{"key":"speaker","value":"customer","pinned":true}]},{"id":58,"content":"we do","tokens":["we","do"],"labels":[],"metadata":[{"key":"speaker","value":"agent","pinned":true}]},{"id":59,"content":"got you guys do","tokens":["got","you","guys","do"],"labels":[],"metadata":[{"key":"speaker","value":"customer","pinned":true}]},{"id":60,"content":"i'm in the right now","tokens":["i","'m","in","the","right","now"],"labels":[],"metadata":[{"key":"speaker","value":"agent","pinned":true}]},{"id":61,"content":"so what what part to do is i see","tokens":["so","what","what","part","to","do","is","i","see"],"labels":[],"metadata":[{"key":"speaker","value":"customer","pinned":true}]},{"id":62,"content":"we are closed the cherry who okay","tokens":["we","are","closed","the","cherry","who","okay"],"labels":[],"metadata":[{"key":"speaker","value":"agent","pinned":true}]},{"id":63,"content":"sherry no i'm in georgia city","tokens":["sherry","no","i","'m","in","georgia","city"],"labels":[],"metadata":[{"key":"speaker","value":"customer","pinned":true}]},{"id":64,"content":"well you can't","tokens":["well","you","ca","n't"],"labels":[],"metadata":[{"key":"speaker","value":"agent","pinned":true}]},{"id":65,"content":"sure","tokens":["sure"],"labels":[],"metadata":[{"key":"speaker","value":"customer","pinned":true}]},{"id":66,"content":"comes our office but you can call aah","tokens":["comes","our","office","but","you","can","call","aah"],"labels":[],"metadata":[{"key":"speaker","value":"agent","pinned":true}]},{"id":67,"content":"oh aah if want to make in attempt withdrawal come to go to any of 'cause i do that","tokens":["oh","aah","if","want","to","make","in","attempt","withdrawal","come","to","go","to","any","of","'","cause","i","do","that"],"labels":[],"metadata":[{"key":"speaker","value":"customer","pinned":true}]},{"id":68,"content":"if you want to make will drop you have to go to atlantic city city casino yeah","tokens":["if","you","want","to","make","will","drop","you","have","to","go","to","atlantic","city","city","casino","yeah"],"labels":[],"metadata":[{"key":"speaker","value":"agent","pinned":true}]},{"id":69,"content":"there okay go ahead and send me i'm on the roof what i know who i gonna do it i'm gonna call you back","tokens":["there","okay","go","ahead","and","send","me","i","'m","on","the","roof","what","i","know","who","i","gonna","do","it","i","'m","gonna","call","you","back"],"labels":[],"metadata":[{"key":"speaker","value":"customer","pinned":true}]},{"id":70,"content":"okay i'm gonna send you an email telling how to upload the documents okay","tokens":["okay","i","'m","gonna","send","you","an","email","telling","how","to","upload","the","documents","okay"],"labels":[],"metadata":[{"key":"speaker","value":"agent","pinned":true}]},{"id":71,"content":"okay","tokens":["okay"],"labels":[],"metadata":[{"key":"speaker","value":"customer","pinned":true}]},{"id":72,"content":"all right thank you so much","tokens":["all","right","thank","you","so","much"],"labels":[],"metadata":[{"key":"speaker","value":"agent","pinned":true}]},{"id":73,"content":"what's your name","tokens":["what","'s","your","name"],"labels":[],"metadata":[{"key":"speaker","value":"customer","pinned":true}]},{"id":74,"content":"my name is chelsea i'll put my name and the email","tokens":["my","name","is","chelsea","i","'ll","put","my","name","and","the","email"],"labels":[],"metadata":[{"key":"speaker","value":"agent","pinned":true}]},{"id":75,"content":"okay frailties up thank you","tokens":["okay","frailties","up","thank","you"],"labels":[],"metadata":[{"key":"speaker","value":"customer","pinned":true}]},{"id":76,"content":"you're welcome bye bye","tokens":["you're","welcome","bye","bye"],"labels":[],"metadata":[{"key":"speaker","value":"agent","pinned":true}]},{"id":77,"content":"","tokens":[],"labels":[],"metadata":[{"key":"speaker","value":"","pinned":true}]}],"labelerInfo":{"id":3732,"email":"raden.fikri@datasaur.ai","displayName":"Raden Fikri Ihza Dwi Nanda"},"labelSets":[{"index":0,"labelItems":[{"id":"nKL3G7BYmaZQN4dhh3Vt6","labelName":"Incorrect Phrase","parentId":null,"color":null},{"id":"H1mdmWGabDLNxk8SPDF0b","labelName":"Ambiguous Phrase","parentId":null,"color":null},{"id":"mrxXJVJd5EPCY1H0ohS7T","labelName":"DLM","parentId":null,"color":null},{"id":"fuySN6A-JXzWQtxXh8CNh","labelName":"Interaction Greeting","color":null}]},{"index":1,"labelItems":[{"id":"L_cCYcsBujUPySm0wy4KQ","labelName":"Paraphrasing​","parentId":null,"color":null},{"id":"1-gtPELa9guNa5QitLpnI","labelName":"Interaction Ownership​","parentId":null,"color":null},{"id":"3vBhgbkfAEtZSatKosMDy","labelName":"Agent Probing​","parentId":null,"color":null},{"id":"Aw8BubJsDBZC-SP9lHxet","labelName":"Offer Self Help​","parentId":null,"color":null},{"id":"MUREhm6MlSLCC7HLWx8Uf","labelName":"Offer Additional Assistance​","parentId":null,"color":null},{"id":"t1eDBMnM8Gyarze3XHeQm","labelName":"Willingness to Assist​","parentId":null,"color":null},{"id":"qMgyiEJYM60xDXeDqUqCc","labelName":"Agent Politeness​","parentId":null,"color":null},{"id":"wVFXoJmoN8cmHYC0_fhj8","labelName":"Agent Rapport​","parentId":null,"color":null},{"id":"WpkYoqBbuXbI2amo0pPSG","labelName":"Agent Inactive Listening​","parentId":null,"color":null},{"id":"jdb2pNyWCqF3aDTHhoXex","labelName":"Agent Rudeness​","parentId":null,"color":null},{"id":"MZqniESoD55qDObtTp3Vw","labelName":"Agent Empathy​","parentId":null,"color":null},{"id":"8msAkL6RrB6K6rnnGUMiH","labelName":"Lack of confidence​","parentId":null,"color":null},{"id":"dcKzZX_NCdUttfkZEOEgp","labelName":"Interaction Greeting","parentId":null,"color":null},{"id":"cOfaOEwuUym4YzDBGEvTE","labelName":"Company Name​","parentId":null,"color":null},{"id":"SN85C2rQQL98DtPtrY_o9","labelName":"Agent Introduction","parentId":null,"color":null},{"id":"oekwyozExuTAolGMj6eTp","labelName":"Customer Introduction","parentId":null,"color":null},{"id":"dJMP6jGn1h27cxYQZfMzE","labelName":"Authenticate Customer​","parentId":null,"color":null},{"id":"Uy6yZAw88I-zz0dre74kl","labelName":"Required Disclosures​","parentId":null,"color":null},{"id":"8s78v7LXjYOUAu4vfTEu4","labelName":"Agent Profanity","parentId":null,"color":null},{"id":"3SgZnfV2btw_IbSXPYhWa","labelName":"Conversation Recap","parentId":null,"color":null},{"id":"5njAKstgXlOJQgcy3__-j","labelName":"Agent Verify Resolution","parentId":null,"color":null},{"id":"pxXwUOtFQTkagE1O3DIT4","labelName":"Interaction Closing","parentId":null,"color":null}]},{"index":2,"labelItems":[{"id":"42mfNS7cP9VP53E2U-1FW","labelName":"What is the caller looking for?","parentId":null,"color":null}]}],"labels":[],"comments":[]}
