{"sentences":[{"id":0,"content":"thank you for contacted empower my name is trina how may i assist you today","tokens":["thank","you","for","contacted","empower","my","name","is","trina","how","may","i","assist","you","today"],"labels":[],"metadata":[{"key":"speaker","value":"agent","pinned":true}]},{"id":1,"content":"hi katrina i was just on the phone with another one representative because i'm trying to use one of","tokens":["hi","katrina","i","was","just","on","the","phone","with","another","one","representative","because","i","'m","trying","to","use","one","of"],"labels":[],"metadata":[{"key":"speaker","value":"customer","pinned":true}]},{"id":2,"content":"aah","tokens":["aah"],"labels":[],"metadata":[{"key":"speaker","value":"agent","pinned":true}]},{"id":3,"content":"my credit cards did some money into my account and not of them are working i've tried a visa i've tried a mastercard i even called i just got pull up my mastercard credit card company and they said they're they're not even seeing the make an attempt when i've tried like three different times the to do this","tokens":["my","credit","cards","did","some","money","into","my","account","and","not","of","them","are","working","i","'ve","tried","a","visa","i","'ve","tried","a","mastercard","i","even","called","i","just","got","pull","up","my","mastercard","credit","card","company","and","they","said","they","'re","they","'re","not","even","seeing","the","make","an","attempt","when","i","'ve","tried","like","three","different","times","the","to","do","this"],"labels":[],"metadata":[{"key":"speaker","value":"customer","pinned":true}]},{"id":4,"content":"okay","tokens":["okay"],"labels":[],"metadata":[{"key":"speaker","value":"agent","pinned":true}]},{"id":5,"content":"and they're saying","tokens":["and","they","'re","saying"],"labels":[],"metadata":[{"key":"speaker","value":"customer","pinned":true}]},{"id":6,"content":"thanks","tokens":["thanks"],"labels":[],"metadata":[{"key":"speaker","value":"agent","pinned":true}]},{"id":7,"content":"it's not thing on their end why it wouldn't work so it's gotta be something that you guys and then i understand what it could be","tokens":["it","'s","not","thing","on","their","end","why","it","would","n't","work","so","it","'s","gotta","be","something","that","you","guys","and","then","i","understand","what","it","could","be"],"labels":[],"metadata":[{"key":"speaker","value":"customer","pinned":true}]},{"id":8,"content":"okay i think i was just speaking to you","tokens":["okay","i","think","i","was","just","speaking","to","you"],"labels":[],"metadata":[{"key":"speaker","value":"agent","pinned":true}]},{"id":9,"content":"oh that you that i was okay i actually tried","tokens":["oh","that","you","that","i","was","okay","i","actually","tried"],"labels":[],"metadata":[{"key":"speaker","value":"customer","pinned":true}]},{"id":10,"content":"cause you that it the for the m x correct","tokens":["cause","you","that","it","the","for","the","m","x","correct"],"labels":[],"metadata":[{"key":"speaker","value":"agent","pinned":true}]},{"id":11,"content":"yeah yeah","tokens":["yeah","yeah"],"labels":[],"metadata":[{"key":"speaker","value":"customer","pinned":true}]},{"id":12,"content":"you trying","tokens":["you","trying"],"labels":[],"metadata":[{"key":"speaker","value":"agent","pinned":true}]},{"id":13,"content":"i tried","tokens":["i","tried"],"labels":[],"metadata":[{"key":"speaker","value":"customer","pinned":true}]},{"id":14,"content":"to do it","tokens":["to","do","it"],"labels":[],"metadata":[{"key":"speaker","value":"agent","pinned":true}]},{"id":15,"content":"that","tokens":["that"],"labels":[],"metadata":[{"key":"speaker","value":"customer","pinned":true}]},{"id":16,"content":"on a amex first right","tokens":["on","a","amex","first","right"],"labels":[],"metadata":[{"key":"speaker","value":"agent","pinned":true}]},{"id":17,"content":"yep and then i tried i tried to visa yeah i tried to mastercard and of working","tokens":["yep","and","then","i","tried","i","tried","to","visa","yeah","i","tried","to","mastercard","and","of","working"],"labels":[],"metadata":[{"key":"speaker","value":"customer","pinned":true}]},{"id":18,"content":"okay","tokens":["okay"],"labels":[],"metadata":[{"key":"speaker","value":"agent","pinned":true}]},{"id":19,"content":"so","tokens":["so"],"labels":[],"metadata":[{"key":"speaker","value":"customer","pinned":true}]},{"id":20,"content":"aah","tokens":["aah"],"labels":[],"metadata":[{"key":"speaker","value":"agent","pinned":true}]},{"id":21,"content":"i mean","tokens":["i","mean"],"labels":[],"metadata":[{"key":"speaker","value":"customer","pinned":true}]},{"id":22,"content":"one","tokens":["one"],"labels":[],"metadata":[{"key":"speaker","value":"agent","pinned":true}]},{"id":23,"content":"if","tokens":["if"],"labels":[],"metadata":[{"key":"speaker","value":"customer","pinned":true}]},{"id":24,"content":"moment","tokens":["moment"],"labels":[],"metadata":[{"key":"speaker","value":"agent","pinned":true}]},{"id":25,"content":"none of those cards are working it's gotta be so with you guys because why would none of those work i mean one of them","tokens":["none","of","those","cards","are","working","it","'s","gotta","be","so","with","you","guys","because","why","would","none","of","those","work","i","mean","one","of","them"],"labels":[],"metadata":[{"key":"speaker","value":"customer","pinned":true}]},{"id":26,"content":"well","tokens":["well"],"labels":[],"metadata":[{"key":"speaker","value":"agent","pinned":true}]},{"id":27,"content":"should","tokens":["should"],"labels":[],"metadata":[{"key":"speaker","value":"customer","pinned":true}]},{"id":28,"content":"it's it's it's not it's not saying nothing aah and aah on our end prohibiting you from aah placing a deposit 'cause i would i would see a but give me a moment let me have my aah supervisor aah take a look at it aah","tokens":["it","'s","it","'s","it","'s","not","it","'s","not","saying","nothing","aah","and","aah","on","our","end","prohibiting","you","from","aah","placing","a","deposit","'","cause","i","would","i","would","see","a","but","give","me","a","moment","let","me","have","my","aah","supervisor","aah","take","a","look","at","it","aah"],"labels":[],"metadata":[{"key":"speaker","value":"agent","pinned":true}]},{"id":29,"content":"that's because","tokens":["that","'s","because"],"labels":[],"metadata":[{"key":"speaker","value":"customer","pinned":true}]},{"id":30,"content":"one moment","tokens":["one","moment"],"labels":[],"metadata":[{"key":"speaker","value":"agent","pinned":true}]},{"id":31,"content":"like i said","tokens":["like","i","said"],"labels":[],"metadata":[{"key":"speaker","value":"customer","pinned":true}]},{"id":32,"content":"let","tokens":["let"],"labels":[],"metadata":[{"key":"speaker","value":"agent","pinned":true}]},{"id":33,"content":"i","tokens":["i"],"labels":[],"metadata":[{"key":"speaker","value":"customer","pinned":true}]},{"id":34,"content":"me just","tokens":["me","just"],"labels":[],"metadata":[{"key":"speaker","value":"agent","pinned":true}]},{"id":35,"content":"i","tokens":["i"],"labels":[],"metadata":[{"key":"speaker","value":"customer","pinned":true}]},{"id":36,"content":"pull","tokens":["pull"],"labels":[],"metadata":[{"key":"speaker","value":"agent","pinned":true}]},{"id":37,"content":"i i tried for different card","tokens":["i","i","tried","for","different","card"],"labels":[],"metadata":[{"key":"speaker","value":"customer","pinned":true}]},{"id":38,"content":"okay okay","tokens":["okay","okay"],"labels":[],"metadata":[{"key":"speaker","value":"agent","pinned":true}]},{"id":39,"content":"megan family","tokens":["megan","family"],"labels":[],"metadata":[{"key":"speaker","value":"customer","pinned":true}]},{"id":40,"content":"k and i'm sorry i need you to the fi your mother's maiden name and your spelled says middle name","tokens":["k","and","i","'m","sorry","i","need","you","to","the","fi","your","mother","'s","maiden","name","and","your","spelled","says","middle","name"],"labels":[],"metadata":[{"key":"speaker","value":"agent","pinned":true}]},{"id":41,"content":"aah my mother's name mister up and i think i put down newman for that and i apologize","tokens":["aah","my","mother","'s","name","mister","up","and","i","think","i","put","down","newman","for","that","and","i","apologize"],"labels":[],"metadata":[{"key":"speaker","value":"customer","pinned":true}]},{"id":42,"content":"okay yes aah that was correct alright one moment aah","tokens":["okay","yes","aah","that","was","correct","alright","one","moment","aah"],"labels":[],"metadata":[{"key":"speaker","value":"agent","pinned":true}]},{"id":43,"content":"i see","tokens":["i","see"],"labels":[],"metadata":[{"key":"speaker","value":"customer","pinned":true}]},{"id":44,"content":"okay let me check let's go over to see if there's any messages before i call my supervisor sir one moment","tokens":["okay","let","me","check","let","'s","go","over","to","see","if","there","'s","any","messages","before","i","call","my","supervisor","sir","one","moment"],"labels":[],"metadata":[{"key":"speaker","value":"agent","pinned":true}]},{"id":45,"content":"okay","tokens":["okay"],"labels":[],"metadata":[{"key":"speaker","value":"customer","pinned":true}]},{"id":46,"content":"and i process get the enough oh my they go out we always wheelchair okay all","tokens":["and","i","process","get","the","enough","oh","my","they","go","out","we","always","wheelchair","okay","all"],"labels":[],"metadata":[{"key":"speaker","value":"agent","pinned":true}]},{"id":47,"content":"bye","tokens":["bye"],"labels":[],"metadata":[{"key":"speaker","value":"customer","pinned":true}]},{"id":48,"content":"whatever everything","tokens":["whatever","everything"],"labels":[],"metadata":[{"key":"speaker","value":"agent","pinned":true}]},{"id":49,"content":"properly","tokens":["properly"],"labels":[],"metadata":[{"key":"speaker","value":"customer","pinned":true}]},{"id":50,"content":"right in the website i don't know that i'm sure","tokens":["right","in","the","website","i","do","n't","know","that","i","'m","sure"],"labels":[],"metadata":[{"key":"speaker","value":"agent","pinned":true}]},{"id":51,"content":"no","tokens":["no"],"labels":[],"metadata":[{"key":"speaker","value":"customer","pinned":true}]},{"id":52,"content":"there's","tokens":["there","'s"],"labels":[],"metadata":[{"key":"speaker","value":"agent","pinned":true}]},{"id":53,"content":"ma'am","tokens":["ma'am"],"labels":[],"metadata":[{"key":"speaker","value":"customer","pinned":true}]},{"id":54,"content":"like alright","tokens":["like","alright"],"labels":[],"metadata":[{"key":"speaker","value":"agent","pinned":true}]},{"id":55,"content":"okay","tokens":["okay"],"labels":[],"metadata":[{"key":"speaker","value":"customer","pinned":true}]},{"id":56,"content":"okay no i don't see i don't see anything happening you from making a deposit give me a moment let me see if my aah supervisor aah can see anything in your account aah one moment","tokens":["okay","no","i","do","n't","see","i","do","n't","see","anything","happening","you","from","making","a","deposit","give","me","a","moment","let","me","see","if","my","aah","supervisor","aah","can","see","anything","in","your","account","aah","one","moment"],"labels":[],"metadata":[{"key":"speaker","value":"agent","pinned":true}]},{"id":57,"content":"keep","tokens":["keep"],"labels":[],"metadata":[{"key":"speaker","value":"customer","pinned":true}]},{"id":58,"content":"please","tokens":["please"],"labels":[],"metadata":[{"key":"speaker","value":"agent","pinned":true}]},{"id":59,"content":"right","tokens":["right"],"labels":[],"metadata":[{"key":"speaker","value":"customer","pinned":true}]},{"id":60,"content":"there","tokens":["there"],"labels":[],"metadata":[{"key":"speaker","value":"agent","pinned":true}]},{"id":61,"content":"no","tokens":["no"],"labels":[],"metadata":[{"key":"speaker","value":"customer","pinned":true}]},{"id":62,"content":"we go aah oh","tokens":["we","go","aah","oh"],"labels":[],"metadata":[{"key":"speaker","value":"agent","pinned":true}]},{"id":63,"content":"okay okay switch hello hello","tokens":["okay","okay","switch","hello","hello"],"labels":[],"metadata":[{"key":"speaker","value":"customer","pinned":true}]},{"id":64,"content":"yeah okay okay","tokens":["yeah","okay","okay"],"labels":[],"metadata":[{"key":"speaker","value":"agent","pinned":true}]},{"id":65,"content":"okay","tokens":["okay"],"labels":[],"metadata":[{"key":"speaker","value":"customer","pinned":true}]},{"id":66,"content":"thanks for holding aah my my supervisor took a look she didn't see any thing as","tokens":["thanks","for","holding","aah","my","my","supervisor","took","a","look","she","did","n't","see","any","thing","as"],"labels":[],"metadata":[{"key":"speaker","value":"agent","pinned":true}]},{"id":67,"content":"awesome","tokens":["awesome"],"labels":[],"metadata":[{"key":"speaker","value":"customer","pinned":true}]},{"id":68,"content":"well","tokens":["well"],"labels":[],"metadata":[{"key":"speaker","value":"agent","pinned":true}]},{"id":69,"content":"okay","tokens":["okay"],"labels":[],"metadata":[{"key":"speaker","value":"customer","pinned":true}]},{"id":70,"content":"it what type of error message says is it giving you","tokens":["it","what","type","of","error","message","says","is","it","giving","you"],"labels":[],"metadata":[{"key":"speaker","value":"agent","pinned":true}]},{"id":71,"content":"aah so you","tokens":["aah","so","you"],"labels":[],"metadata":[{"key":"speaker","value":"customer","pinned":true}]},{"id":72,"content":"be","tokens":["be"],"labels":[],"metadata":[{"key":"speaker","value":"agent","pinned":true}]},{"id":73,"content":"can","tokens":["can"],"labels":[],"metadata":[{"key":"speaker","value":"customer","pinned":true}]},{"id":74,"content":"fine","tokens":["fine"],"labels":[],"metadata":[{"key":"speaker","value":"agent","pinned":true}]},{"id":75,"content":"try it real quick and we'll try this card again it'll tell you","tokens":["try","it","real","quick","and","we","'ll","try","this","card","again","it","'ll","tell","you"],"labels":[],"metadata":[{"key":"speaker","value":"customer","pinned":true}]},{"id":76,"content":"please","tokens":["please"],"labels":[],"metadata":[{"key":"speaker","value":"agent","pinned":true}]},{"id":77,"content":"exactly","tokens":["exactly"],"labels":[],"metadata":[{"key":"speaker","value":"customer","pinned":true}]},{"id":78,"content":"do","tokens":["do"],"labels":[],"metadata":[{"key":"speaker","value":"agent","pinned":true}]},{"id":79,"content":"what it says","tokens":["what","it","says"],"labels":[],"metadata":[{"key":"speaker","value":"customer","pinned":true}]},{"id":80,"content":"very good reason know that","tokens":["very","good","reason","know","that"],"labels":[],"metadata":[{"key":"speaker","value":"agent","pinned":true}]},{"id":81,"content":"so times you know so simple charge six","tokens":["so","times","you","know","so","simple","charge","six"],"labels":[],"metadata":[{"key":"speaker","value":"customer","pinned":true}]},{"id":82,"content":"one your voice want","tokens":["one","your","voice","want"],"labels":[],"metadata":[{"key":"speaker","value":"agent","pinned":true}]},{"id":83,"content":"six","tokens":["six"],"labels":[],"metadata":[{"key":"speaker","value":"customer","pinned":true}]},{"id":84,"content":"no five nine five","tokens":["no","five","nine","five"],"labels":[],"metadata":[{"key":"speaker","value":"agent","pinned":true}]},{"id":85,"content":"okay","tokens":["okay"],"labels":[],"metadata":[{"key":"speaker","value":"customer","pinned":true}]},{"id":86,"content":"five one","tokens":["five","one"],"labels":[],"metadata":[{"key":"speaker","value":"agent","pinned":true}]},{"id":87,"content":"says this","tokens":["says","this"],"labels":[],"metadata":[{"key":"speaker","value":"customer","pinned":true}]},{"id":88,"content":"that","tokens":["that"],"labels":[],"metadata":[{"key":"speaker","value":"agent","pinned":true}]},{"id":89,"content":"card is not supported please try one of the options below","tokens":["card","is","not","supported","please","try","one","of","the","options","below"],"labels":[],"metadata":[{"key":"speaker","value":"customer","pinned":true}]},{"id":90,"content":"okay did you use the card for","tokens":["okay","did","you","use","the","card","for"],"labels":[],"metadata":[{"key":"speaker","value":"agent","pinned":true}]},{"id":91,"content":"if i not so not on your side no but i","tokens":["if","i","not","so","not","on","your","side","no","but","i"],"labels":[],"metadata":[{"key":"speaker","value":"customer","pinned":true}]},{"id":92,"content":"okay","tokens":["okay"],"labels":[],"metadata":[{"key":"speaker","value":"agent","pinned":true}]},{"id":93,"content":"i mean but","tokens":["i","mean","but"],"labels":[],"metadata":[{"key":"speaker","value":"customer","pinned":true}]},{"id":94,"content":"so is is probably aah if there's and it's not supported then you can use that card","tokens":["so","is","is","probably","aah","if","there","'s","and","it","'s","not","supported","then","you","can","use","that","card"],"labels":[],"metadata":[{"key":"speaker","value":"agent","pinned":true}]},{"id":95,"content":"well why wouldn't be supported it's a mastercard you said you guys accept mastercard","tokens":["well","why","would","n't","be","supported","it","'s","a","mastercard","you","said","you","guys","accept","mastercard"],"labels":[],"metadata":[{"key":"speaker","value":"customer","pinned":true}]},{"id":96,"content":"yeah if it's saying it's not supported then","tokens":["yeah","if","it","'s","saying","it","'s","not","supported","then"],"labels":[],"metadata":[{"key":"speaker","value":"agent","pinned":true}]},{"id":97,"content":"sure","tokens":["sure"],"labels":[],"metadata":[{"key":"speaker","value":"customer","pinned":true}]},{"id":98,"content":"it's not gonna let you use it","tokens":["it","'s","not","gonna","let","you","use","it"],"labels":[],"metadata":[{"key":"speaker","value":"agent","pinned":true}]},{"id":99,"content":"oh","tokens":["oh"],"labels":[],"metadata":[{"key":"speaker","value":"customer","pinned":true}]},{"id":100,"content":"on his credit card","tokens":["on","his","credit","card"],"labels":[],"metadata":[{"key":"speaker","value":"agent","pinned":true}]},{"id":101,"content":"okay","tokens":["okay"],"labels":[],"metadata":[{"key":"speaker","value":"customer","pinned":true}]},{"id":102,"content":"let's say in the not","tokens":["let","'s","say","in","the","not"],"labels":[],"metadata":[{"key":"speaker","value":"agent","pinned":true}]},{"id":103,"content":"i don't","tokens":["i","do","n't"],"labels":[],"metadata":[{"key":"speaker","value":"customer","pinned":true}]},{"id":104,"content":"besiege","tokens":["besiege"],"labels":[],"metadata":[{"key":"speaker","value":"agent","pinned":true}]},{"id":105,"content":"i don't understand","tokens":["i","do","n't","understand"],"labels":[],"metadata":[{"key":"speaker","value":"customer","pinned":true}]},{"id":106,"content":"back password","tokens":["back","password"],"labels":[],"metadata":[{"key":"speaker","value":"agent","pinned":true}]},{"id":107,"content":"why none of them are supported a separate","tokens":["why","none","of","them","are","supported","a","separate"],"labels":[],"metadata":[{"key":"speaker","value":"customer","pinned":true}]},{"id":108,"content":"not supported","tokens":["not","supported"],"labels":[],"metadata":[{"key":"speaker","value":"agent","pinned":true}]},{"id":109,"content":"you guys","tokens":["you","guys"],"labels":[],"metadata":[{"key":"speaker","value":"customer","pinned":true}]},{"id":110,"content":"i'm looking","tokens":["i","'m","looking"],"labels":[],"metadata":[{"key":"speaker","value":"agent","pinned":true}]},{"id":111,"content":"you guys accept","tokens":["you","guys","accept"],"labels":[],"metadata":[{"key":"speaker","value":"customer","pinned":true}]},{"id":112,"content":"at it","tokens":["at","it"],"labels":[],"metadata":[{"key":"speaker","value":"agent","pinned":true}]},{"id":113,"content":"visa","tokens":["visa"],"labels":[],"metadata":[{"key":"speaker","value":"customer","pinned":true}]},{"id":114,"content":"did they don't","tokens":["did","they","do","n't"],"labels":[],"metadata":[{"key":"speaker","value":"agent","pinned":true}]},{"id":115,"content":"mastercard but i've tried","tokens":["mastercard","but","i","'ve","tried"],"labels":[],"metadata":[{"key":"speaker","value":"customer","pinned":true}]},{"id":116,"content":"thanks a lot","tokens":["thanks","a","lot"],"labels":[],"metadata":[{"key":"speaker","value":"agent","pinned":true}]},{"id":117,"content":"two mastercard's","tokens":["two","mastercard","'s"],"labels":[],"metadata":[{"key":"speaker","value":"customer","pinned":true}]},{"id":118,"content":"of nashville","tokens":["of","nashville"],"labels":[],"metadata":[{"key":"speaker","value":"agent","pinned":true}]},{"id":119,"content":"the","tokens":["the"],"labels":[],"metadata":[{"key":"speaker","value":"customer","pinned":true}]},{"id":120,"content":"k","tokens":["k"],"labels":[],"metadata":[{"key":"speaker","value":"agent","pinned":true}]},{"id":121,"content":"visa and","tokens":["visa","and"],"labels":[],"metadata":[{"key":"speaker","value":"customer","pinned":true}]},{"id":122,"content":"sports","tokens":["sports"],"labels":[],"metadata":[{"key":"speaker","value":"agent","pinned":true}]},{"id":123,"content":"not","tokens":["not"],"labels":[],"metadata":[{"key":"speaker","value":"customer","pinned":true}]},{"id":124,"content":"bucks","tokens":["bucks"],"labels":[],"metadata":[{"key":"speaker","value":"agent","pinned":true}]},{"id":125,"content":"none of the work","tokens":["none","of","the","work"],"labels":[],"metadata":[{"key":"speaker","value":"customer","pinned":true}]},{"id":126,"content":"so still them","tokens":["so","still","them"],"labels":[],"metadata":[{"key":"speaker","value":"agent","pinned":true}]},{"id":127,"content":"so how do you how","tokens":["so","how","do","you","how"],"labels":[],"metadata":[{"key":"speaker","value":"customer","pinned":true}]},{"id":128,"content":"what has","tokens":["what","has"],"labels":[],"metadata":[{"key":"speaker","value":"agent","pinned":true}]},{"id":129,"content":"can you","tokens":["can","you"],"labels":[],"metadata":[{"key":"speaker","value":"customer","pinned":true}]},{"id":130,"content":"worked","tokens":["worked"],"labels":[],"metadata":[{"key":"speaker","value":"agent","pinned":true}]},{"id":131,"content":"say that","tokens":["say","that"],"labels":[],"metadata":[{"key":"speaker","value":"customer","pinned":true}]},{"id":132,"content":"for","tokens":["for"],"labels":[],"metadata":[{"key":"speaker","value":"agent","pinned":true}]},{"id":133,"content":"you","tokens":["you"],"labels":[],"metadata":[{"key":"speaker","value":"customer","pinned":true}]},{"id":134,"content":"him","tokens":["him"],"labels":[],"metadata":[{"key":"speaker","value":"agent","pinned":true}]},{"id":135,"content":"guys","tokens":["guys"],"labels":[],"metadata":[{"key":"speaker","value":"customer","pinned":true}]},{"id":136,"content":"to pass","tokens":["to","pass"],"labels":[],"metadata":[{"key":"speaker","value":"agent","pinned":true}]},{"id":137,"content":"except i","tokens":["except","i"],"labels":[],"metadata":[{"key":"speaker","value":"customer","pinned":true}]},{"id":138,"content":"a","tokens":["a"],"labels":[],"metadata":[{"key":"speaker","value":"agent","pinned":true}]},{"id":139,"content":"don't get","tokens":["do","n't","get"],"labels":[],"metadata":[{"key":"speaker","value":"customer","pinned":true}]},{"id":140,"content":"c","tokens":["c"],"labels":[],"metadata":[{"key":"speaker","value":"agent","pinned":true}]},{"id":141,"content":"it","tokens":["it"],"labels":[],"metadata":[{"key":"speaker","value":"customer","pinned":true}]},{"id":142,"content":"h okay you","tokens":["h","okay","you"],"labels":[],"metadata":[{"key":"speaker","value":"agent","pinned":true}]},{"id":143,"content":"okay","tokens":["okay"],"labels":[],"metadata":[{"key":"speaker","value":"customer","pinned":true}]},{"id":144,"content":"can try a c h aah they","tokens":["can","try","a","c","h","aah","they"],"labels":[],"metadata":[{"key":"speaker","value":"agent","pinned":true}]},{"id":145,"content":"yeah","tokens":["yeah"],"labels":[],"metadata":[{"key":"speaker","value":"customer","pinned":true}]},{"id":146,"content":"transfer","tokens":["transfer"],"labels":[],"metadata":[{"key":"speaker","value":"agent","pinned":true}]},{"id":147,"content":"i don't i i don't want to use an a c h may transfer","tokens":["i","do","n't","i","i","do","n't","want","to","use","an","a","c","h","may","transfer"],"labels":[],"metadata":[{"key":"speaker","value":"customer","pinned":true}]},{"id":148,"content":"in the past","tokens":["in","the","past"],"labels":[],"metadata":[{"key":"speaker","value":"agent","pinned":true}]},{"id":149,"content":"if i want try that","tokens":["if","i","want","try","that"],"labels":[],"metadata":[{"key":"speaker","value":"customer","pinned":true}]},{"id":150,"content":"that's","tokens":["that","'s"],"labels":[],"metadata":[{"key":"speaker","value":"agent","pinned":true}]},{"id":151,"content":"then","tokens":["then"],"labels":[],"metadata":[{"key":"speaker","value":"customer","pinned":true}]},{"id":152,"content":"the","tokens":["the"],"labels":[],"metadata":[{"key":"speaker","value":"agent","pinned":true}]},{"id":153,"content":"i","tokens":["i"],"labels":[],"metadata":[{"key":"speaker","value":"customer","pinned":true}]},{"id":154,"content":"last","tokens":["last"],"labels":[],"metadata":[{"key":"speaker","value":"agent","pinned":true}]},{"id":155,"content":"would've done that i'm trying to","tokens":["would","'ve","done","that","i","'m","trying","to"],"labels":[],"metadata":[{"key":"speaker","value":"customer","pinned":true}]},{"id":156,"content":"okay yes aah my supervisor was taking a look at it","tokens":["okay","yes","aah","my","supervisor","was","taking","a","look","at","it"],"labels":[],"metadata":[{"key":"speaker","value":"agent","pinned":true}]},{"id":157,"content":"okay","tokens":["okay"],"labels":[],"metadata":[{"key":"speaker","value":"customer","pinned":true}]},{"id":158,"content":"and yeah if you can aah aah if you can't use the credit card you have to use other form you have to you have to aah use a c h or pay power or something like that because if the card is not aah so port in it it's nothing that we can do about that","tokens":["and","yeah","if","you","can","aah","aah","if","you","ca","n't","use","the","credit","card","you","have","to","use","other","form","you","have","to","you","have","to","aah","use","a","c","h","or","pay","power","or","something","like","that","because","if","the","card","is","not","aah","so","port","in","it","it","'s","nothing","that","we","can","do","about","that"],"labels":[],"metadata":[{"key":"speaker","value":"agent","pinned":true}]},{"id":159,"content":"is it i mean it is it the is it the card company do i the clear something with them 'cause","tokens":["is","it","i","mean","it","is","it","the","is","it","the","card","company","do","i","the","clear","something","with","them","'","cause"],"labels":[],"metadata":[{"key":"speaker","value":"customer","pinned":true}]},{"id":160,"content":"would","tokens":["would"],"labels":[],"metadata":[{"key":"speaker","value":"agent","pinned":true}]},{"id":161,"content":"like","tokens":["like"],"labels":[],"metadata":[{"key":"speaker","value":"customer","pinned":true}]},{"id":162,"content":"you","tokens":["you"],"labels":[],"metadata":[{"key":"speaker","value":"agent","pinned":true}]},{"id":163,"content":"i said","tokens":["i","said"],"labels":[],"metadata":[{"key":"speaker","value":"customer","pinned":true}]},{"id":164,"content":"even try but it's a lotta is like a lot of banking institutions and","tokens":["even","try","but","it","'s","a","lotta","is","like","a","lot","of","banking","institutions","and"],"labels":[],"metadata":[{"key":"speaker","value":"agent","pinned":true}]},{"id":165,"content":"aah","tokens":["aah"],"labels":[],"metadata":[{"key":"speaker","value":"customer","pinned":true}]},{"id":166,"content":"and probably the credit cards also that don't support aah sports patton","tokens":["and","probably","the","credit","cards","also","that","do","n't","support","aah","sports","patton"],"labels":[],"metadata":[{"key":"speaker","value":"agent","pinned":true}]},{"id":167,"content":"right okay i appreciate your help have a good day","tokens":["right","okay","i","appreciate","your","help","have","a","good","day"],"labels":[],"metadata":[{"key":"speaker","value":"customer","pinned":true}]},{"id":168,"content":"okay you as well","tokens":["okay","you","as","well"],"labels":[],"metadata":[{"key":"speaker","value":"agent","pinned":true}]},{"id":169,"content":"","tokens":[],"labels":[],"metadata":[{"key":"speaker","value":"","pinned":true}]}],"labelerInfo":{"id":3732,"email":"raden.fikri@datasaur.ai","displayName":"Raden Fikri Ihza Dwi Nanda"},"labelSets":[{"index":0,"labelItems":[{"id":"nKL3G7BYmaZQN4dhh3Vt6","labelName":"Incorrect Phrase","parentId":null,"color":null},{"id":"H1mdmWGabDLNxk8SPDF0b","labelName":"Ambiguous Phrase","parentId":null,"color":null},{"id":"mrxXJVJd5EPCY1H0ohS7T","labelName":"DLM","parentId":null,"color":null},{"id":"fuySN6A-JXzWQtxXh8CNh","labelName":"Interaction Greeting","color":null}]},{"index":1,"labelItems":[{"id":"L_cCYcsBujUPySm0wy4KQ","labelName":"Paraphrasing​","parentId":null,"color":null},{"id":"1-gtPELa9guNa5QitLpnI","labelName":"Interaction Ownership​","parentId":null,"color":null},{"id":"3vBhgbkfAEtZSatKosMDy","labelName":"Agent Probing​","parentId":null,"color":null},{"id":"Aw8BubJsDBZC-SP9lHxet","labelName":"Offer Self Help​","parentId":null,"color":null},{"id":"MUREhm6MlSLCC7HLWx8Uf","labelName":"Offer Additional Assistance​","parentId":null,"color":null},{"id":"t1eDBMnM8Gyarze3XHeQm","labelName":"Willingness to Assist​","parentId":null,"color":null},{"id":"qMgyiEJYM60xDXeDqUqCc","labelName":"Agent Politeness​","parentId":null,"color":null},{"id":"wVFXoJmoN8cmHYC0_fhj8","labelName":"Agent Rapport​","parentId":null,"color":null},{"id":"WpkYoqBbuXbI2amo0pPSG","labelName":"Agent Inactive Listening​","parentId":null,"color":null},{"id":"jdb2pNyWCqF3aDTHhoXex","labelName":"Agent Rudeness​","parentId":null,"color":null},{"id":"MZqniESoD55qDObtTp3Vw","labelName":"Agent Empathy​","parentId":null,"color":null},{"id":"8msAkL6RrB6K6rnnGUMiH","labelName":"Lack of confidence​","parentId":null,"color":null},{"id":"dcKzZX_NCdUttfkZEOEgp","labelName":"Interaction Greeting","parentId":null,"color":null},{"id":"cOfaOEwuUym4YzDBGEvTE","labelName":"Company Name​","parentId":null,"color":null},{"id":"SN85C2rQQL98DtPtrY_o9","labelName":"Agent Introduction","parentId":null,"color":null},{"id":"oekwyozExuTAolGMj6eTp","labelName":"Customer Introduction","parentId":null,"color":null},{"id":"dJMP6jGn1h27cxYQZfMzE","labelName":"Authenticate Customer​","parentId":null,"color":null},{"id":"Uy6yZAw88I-zz0dre74kl","labelName":"Required Disclosures​","parentId":null,"color":null},{"id":"8s78v7LXjYOUAu4vfTEu4","labelName":"Agent Profanity","parentId":null,"color":null},{"id":"3SgZnfV2btw_IbSXPYhWa","labelName":"Conversation Recap","parentId":null,"color":null},{"id":"5njAKstgXlOJQgcy3__-j","labelName":"Agent Verify Resolution","parentId":null,"color":null},{"id":"pxXwUOtFQTkagE1O3DIT4","labelName":"Interaction Closing","parentId":null,"color":null}]},{"index":2,"labelItems":[{"id":"42mfNS7cP9VP53E2U-1FW","labelName":"What is the caller looking for?","parentId":null,"color":null}]}],"labels":[],"comments":[]}
