{"sentences":[{"id":0,"content":"it's","tokens":["it","'s"],"labels":[],"metadata":[{"key":"speaker","value":"customer","pinned":true}]},{"id":1,"content":"okay not where it said i think i selected","tokens":["okay","not","where","it","said","i","think","i","selected"],"labels":[],"metadata":[{"key":"speaker","value":"agent","pinned":true}]},{"id":2,"content":"hello","tokens":["hello"],"labels":[],"metadata":[{"key":"speaker","value":"customer","pinned":true}]},{"id":3,"content":"sure","tokens":["sure"],"labels":[],"metadata":[{"key":"speaker","value":"agent","pinned":true}]},{"id":4,"content":"hello","tokens":["hello"],"labels":[],"metadata":[{"key":"speaker","value":"customer","pinned":true}]},{"id":5,"content":"i just left it i can go ahead","tokens":["i","just","left","it","i","can","go","ahead"],"labels":[],"metadata":[{"key":"speaker","value":"agent","pinned":true}]},{"id":6,"content":"aah hello can you hear me","tokens":["aah","hello","can","you","hear","me"],"labels":[],"metadata":[{"key":"speaker","value":"customer","pinned":true}]},{"id":7,"content":"thank you for calling and services speaking may i assist you please this is my jersey","tokens":["thank","you","for","calling","and","services","speaking","may","i","assist","you","please","this","is","my","jersey"],"labels":[],"metadata":[{"key":"speaker","value":"agent","pinned":true}]},{"id":8,"content":"hi aah good afternoon aah i aah i'm having an issue with aah aah the total rewards number that's linked to my aah caesar's new jersey account is not correct and i called aah last saturday okay an f aah","tokens":["hi","aah","good","afternoon","aah","i","aah","i","'m","having","an","issue","with","aah","aah","the","total","rewards","number","that","'s","linked","to","my","aah","caesar","'s","new","jersey","account","is","not","correct","and","i","called","aah","last","saturday","okay","an","f","aah"],"labels":[],"metadata":[{"key":"speaker","value":"customer","pinned":true}]},{"id":9,"content":"yeah","tokens":["yeah"],"labels":[],"metadata":[{"key":"speaker","value":"agent","pinned":true}]},{"id":10,"content":"quested they update and","tokens":["quested","they","update","and"],"labels":[],"metadata":[{"key":"speaker","value":"customer","pinned":true}]},{"id":11,"content":"three eight","tokens":["three","eight"],"labels":[],"metadata":[{"key":"speaker","value":"agent","pinned":true}]},{"id":12,"content":"i was told i should probably see it the twenty four hours but nothing's been fixed yet so i just want to aah","tokens":["i","was","told","i","should","probably","see","it","the","twenty","four","hours","but","nothing","'s","been","fixed","yet","so","i","just","want","to","aah"],"labels":[],"metadata":[{"key":"speaker","value":"customer","pinned":true}]},{"id":13,"content":"i","tokens":["i"],"labels":[],"metadata":[{"key":"speaker","value":"agent","pinned":true}]},{"id":14,"content":"try","tokens":["try"],"labels":[],"metadata":[{"key":"speaker","value":"customer","pinned":true}]},{"id":15,"content":"said","tokens":["said"],"labels":[],"metadata":[{"key":"speaker","value":"agent","pinned":true}]},{"id":16,"content":"to","tokens":["to"],"labels":[],"metadata":[{"key":"speaker","value":"customer","pinned":true}]},{"id":17,"content":"i'm","tokens":["i","'m"],"labels":[],"metadata":[{"key":"speaker","value":"agent","pinned":true}]},{"id":18,"content":"aah","tokens":["aah"],"labels":[],"metadata":[{"key":"speaker","value":"customer","pinned":true}]},{"id":19,"content":"gonna","tokens":["gonna"],"labels":[],"metadata":[{"key":"speaker","value":"agent","pinned":true}]},{"id":20,"content":"get","tokens":["get"],"labels":[],"metadata":[{"key":"speaker","value":"customer","pinned":true}]},{"id":21,"content":"have to","tokens":["have","to"],"labels":[],"metadata":[{"key":"speaker","value":"agent","pinned":true}]},{"id":22,"content":"that","tokens":["that"],"labels":[],"metadata":[{"key":"speaker","value":"customer","pinned":true}]},{"id":23,"content":"do the same","tokens":["do","the","same"],"labels":[],"metadata":[{"key":"speaker","value":"agent","pinned":true}]},{"id":24,"content":"corrected","tokens":["corrected"],"labels":[],"metadata":[{"key":"speaker","value":"customer","pinned":true}]},{"id":25,"content":"thing it's escalate it what is your telephone number","tokens":["thing","it","'s","escalate","it","what","is","your","telephone","number"],"labels":[],"metadata":[{"key":"speaker","value":"agent","pinned":true}]},{"id":26,"content":"it's five one six seven two nine five three zero three","tokens":["it","'s","five","one","six","seven","two","nine","five","three","zero","three"],"labels":[],"metadata":[{"key":"speaker","value":"customer","pinned":true}]},{"id":27,"content":"so ever team doing there hold on one second oh here we go okay okay so aah five one six","tokens":["so","ever","team","doing","there","hold","on","one","second","oh","here","we","go","okay","okay","so","aah","five","one","six"],"labels":[],"metadata":[{"key":"speaker","value":"agent","pinned":true}]},{"id":28,"content":"seven two nine nine five three zero three","tokens":["seven","two","nine","nine","five","three","zero","three"],"labels":[],"metadata":[{"key":"speaker","value":"customer","pinned":true}]},{"id":29,"content":"there you go","tokens":["there","you","go"],"labels":[],"metadata":[{"key":"speaker","value":"agent","pinned":true}]},{"id":30,"content":"yeah","tokens":["yeah"],"labels":[],"metadata":[{"key":"speaker","value":"customer","pinned":true}]},{"id":31,"content":"to security questions mother's maiden name first car","tokens":["to","security","questions","mother","'s","maiden","name","first","car"],"labels":[],"metadata":[{"key":"speaker","value":"agent","pinned":true}]},{"id":32,"content":"sacco s a c c o first card nineteen seventy chevy impound","tokens":["sacco","s","a","c","c","o","first","card","nineteen","seventy","chevy","impound"],"labels":[],"metadata":[{"key":"speaker","value":"customer","pinned":true}]},{"id":33,"content":"okay let's see here okay and customer okay leave it in and what is your the eleven digit number","tokens":["okay","let","'s","see","here","okay","and","customer","okay","leave","it","in","and","what","is","your","the","eleven","digit","number"],"labels":[],"metadata":[{"key":"speaker","value":"agent","pinned":true}]},{"id":34,"content":"one one seven seven zero one five two two four three three","tokens":["one","one","seven","seven","zero","one","five","two","two","four","three","three"],"labels":[],"metadata":[{"key":"speaker","value":"customer","pinned":true}]},{"id":35,"content":"yeah she did she sent it so she set this up okay second i mean we sent it out to them off since then that was sent out oh sure aah one second and they may eleven digit number okay here okay okay so the fact that yeah okay okay i just did this as an urgent matter aah just check your aah email by the end of the business day","tokens":["yeah","she","did","she","sent","it","so","she","set","this","up","okay","second","i","mean","we","sent","it","out","to","them","off","since","then","that","was","sent","out","oh","sure","aah","one","second","and","they","may","eleven","digit","number","okay","here","okay","okay","so","the","fact","that","yeah","okay","okay","i","just","did","this","as","an","urgent","matter","aah","just","check","your","aah","email","by","the","end","of","the","business","day"],"labels":[],"metadata":[{"key":"speaker","value":"agent","pinned":true}]},{"id":36,"content":"okay great thanks so much","tokens":["okay","great","thanks","so","much"],"labels":[],"metadata":[{"key":"speaker","value":"customer","pinned":true}]},{"id":37,"content":"okay","tokens":["okay"],"labels":[],"metadata":[{"key":"speaker","value":"agent","pinned":true}]},{"id":38,"content":"aah","tokens":["aah"],"labels":[],"metadata":[{"key":"speaker","value":"customer","pinned":true}]},{"id":39,"content":"that's just","tokens":["that","'s","just"],"labels":[],"metadata":[{"key":"speaker","value":"agent","pinned":true}]},{"id":40,"content":"you're","tokens":["you're"],"labels":[],"metadata":[{"key":"speaker","value":"customer","pinned":true}]},{"id":41,"content":"what i did","tokens":["what","i","did"],"labels":[],"metadata":[{"key":"speaker","value":"agent","pinned":true}]},{"id":42,"content":"aah","tokens":["aah"],"labels":[],"metadata":[{"key":"speaker","value":"customer","pinned":true}]},{"id":43,"content":"'cause yeah 'cause it was escalate it goes to oh sure but they they have damn a team is doing a safe and really on top of it so","tokens":["'","cause","yeah","'","cause","it","was","escalate","it","goes","to","oh","sure","but","they","they","have","damn","a","team","is","doing","a","safe","and","really","on","top","of","it","so"],"labels":[],"metadata":[{"key":"speaker","value":"agent","pinned":true}]},{"id":44,"content":"yeah yeah the the woman i spoke to last week it said that the common problem","tokens":["yeah","yeah","the","the","woman","i","spoke","to","last","week","it","said","that","the","common","problem"],"labels":[],"metadata":[{"key":"speaker","value":"customer","pinned":true}]},{"id":45,"content":"ever","tokens":["ever"],"labels":[],"metadata":[{"key":"speaker","value":"agent","pinned":true}]},{"id":46,"content":"with","tokens":["with"],"labels":[],"metadata":[{"key":"speaker","value":"customer","pinned":true}]},{"id":47,"content":"seen","tokens":["seen"],"labels":[],"metadata":[{"key":"speaker","value":"agent","pinned":true}]},{"id":48,"content":"the people who are registered yeah right with aah","tokens":["the","people","who","are","registered","yeah","right","with","aah"],"labels":[],"metadata":[{"key":"speaker","value":"customer","pinned":true}]},{"id":49,"content":"they got it","tokens":["they","got","it"],"labels":[],"metadata":[{"key":"speaker","value":"agent","pinned":true}]},{"id":50,"content":"will","tokens":["will"],"labels":[],"metadata":[{"key":"speaker","value":"customer","pinned":true}]},{"id":51,"content":"yeah","tokens":["yeah"],"labels":[],"metadata":[{"key":"speaker","value":"agent","pinned":true}]},{"id":52,"content":"register","tokens":["register"],"labels":[],"metadata":[{"key":"speaker","value":"customer","pinned":true}]},{"id":53,"content":"i","tokens":["i"],"labels":[],"metadata":[{"key":"speaker","value":"agent","pinned":true}]},{"id":54,"content":"was","tokens":["was"],"labels":[],"metadata":[{"key":"speaker","value":"customer","pinned":true}]},{"id":55,"content":"i mean","tokens":["i","mean"],"labels":[],"metadata":[{"key":"speaker","value":"agent","pinned":true}]},{"id":56,"content":"help before","tokens":["help","before"],"labels":[],"metadata":[{"key":"speaker","value":"customer","pinned":true}]},{"id":57,"content":"i mean all the one i sent out in it'll come back saying done done done you know i mean so they got the same the standalone yes now so","tokens":["i","mean","all","the","one","i","sent","out","in","it","'ll","come","back","saying","done","done","done","you","know","i","mean","so","they","got","the","same","the","standalone","yes","now","so"],"labels":[],"metadata":[{"key":"speaker","value":"agent","pinned":true}]},{"id":58,"content":"sure","tokens":["sure"],"labels":[],"metadata":[{"key":"speaker","value":"customer","pinned":true}]},{"id":59,"content":"i just resend","tokens":["i","just","resend"],"labels":[],"metadata":[{"key":"speaker","value":"agent","pinned":true}]},{"id":60,"content":"okay","tokens":["okay"],"labels":[],"metadata":[{"key":"speaker","value":"customer","pinned":true}]},{"id":61,"content":"it as an","tokens":["it","as","an"],"labels":[],"metadata":[{"key":"speaker","value":"agent","pinned":true}]},{"id":62,"content":"alright","tokens":["alright"],"labels":[],"metadata":[{"key":"speaker","value":"customer","pinned":true}]},{"id":63,"content":"urgent matter so hopefully by the end of the business day we straightened out","tokens":["urgent","matter","so","hopefully","by","the","end","of","the","business","day","we","straightened","out"],"labels":[],"metadata":[{"key":"speaker","value":"agent","pinned":true}]},{"id":64,"content":"great all right i'll keep checking thank","tokens":["great","all","right","i","'ll","keep","checking","thank"],"labels":[],"metadata":[{"key":"speaker","value":"customer","pinned":true}]},{"id":65,"content":"is","tokens":["is"],"labels":[],"metadata":[{"key":"speaker","value":"agent","pinned":true}]},{"id":66,"content":"you so much","tokens":["you","so","much"],"labels":[],"metadata":[{"key":"speaker","value":"customer","pinned":true}]},{"id":67,"content":"okay","tokens":["okay"],"labels":[],"metadata":[{"key":"speaker","value":"agent","pinned":true}]},{"id":68,"content":"aah they'll","tokens":["aah","they","'ll"],"labels":[],"metadata":[{"key":"speaker","value":"customer","pinned":true}]},{"id":69,"content":"i know","tokens":["i","know"],"labels":[],"metadata":[{"key":"speaker","value":"agent","pinned":true}]},{"id":70,"content":"they'll","tokens":["they","'ll"],"labels":[],"metadata":[{"key":"speaker","value":"customer","pinned":true}]},{"id":71,"content":"you know","tokens":["you","know"],"labels":[],"metadata":[{"key":"speaker","value":"agent","pinned":true}]},{"id":72,"content":"transfer they'll transfer the the reward credits entier credits right","tokens":["transfer","they","'ll","transfer","the","the","reward","credits","entier","credits","right"],"labels":[],"metadata":[{"key":"speaker","value":"customer","pinned":true}]},{"id":73,"content":"it'll be a link together yes","tokens":["it","'ll","be","a","link","together","yes"],"labels":[],"metadata":[{"key":"speaker","value":"agent","pinned":true}]},{"id":74,"content":"okay alright","tokens":["okay","alright"],"labels":[],"metadata":[{"key":"speaker","value":"customer","pinned":true}]},{"id":75,"content":"yes","tokens":["yes"],"labels":[],"metadata":[{"key":"speaker","value":"agent","pinned":true}]},{"id":76,"content":"excellent i just want to make sure that everything","tokens":["excellent","i","just","want","to","make","sure","that","everything"],"labels":[],"metadata":[{"key":"speaker","value":"customer","pinned":true}]},{"id":77,"content":"where you have","tokens":["where","you","have"],"labels":[],"metadata":[{"key":"speaker","value":"agent","pinned":true}]},{"id":78,"content":"was","tokens":["was"],"labels":[],"metadata":[{"key":"speaker","value":"customer","pinned":true}]},{"id":79,"content":"kinda","tokens":["kinda"],"labels":[],"metadata":[{"key":"speaker","value":"agent","pinned":true}]},{"id":80,"content":"earned","tokens":["earned"],"labels":[],"metadata":[{"key":"speaker","value":"customer","pinned":true}]},{"id":81,"content":"control","tokens":["control"],"labels":[],"metadata":[{"key":"speaker","value":"agent","pinned":true}]},{"id":82,"content":"under","tokens":["under"],"labels":[],"metadata":[{"key":"speaker","value":"customer","pinned":true}]},{"id":83,"content":"that yeah well you have kind of which well it it but it'll be kinda link together","tokens":["that","yeah","well","you","have","kind","of","which","well","it","it","but","it","'ll","be","kinda","link","together"],"labels":[],"metadata":[{"key":"speaker","value":"agent","pinned":true}]},{"id":84,"content":"oh okay","tokens":["oh","okay"],"labels":[],"metadata":[{"key":"speaker","value":"customer","pinned":true}]},{"id":85,"content":"yes","tokens":["yes"],"labels":[],"metadata":[{"key":"speaker","value":"agent","pinned":true}]},{"id":86,"content":"all right excellent i will aah","tokens":["all","right","excellent","i","will","aah"],"labels":[],"metadata":[{"key":"speaker","value":"customer","pinned":true}]},{"id":87,"content":"okay","tokens":["okay"],"labels":[],"metadata":[{"key":"speaker","value":"agent","pinned":true}]},{"id":88,"content":"i will keep checking aah","tokens":["i","will","keep","checking","aah"],"labels":[],"metadata":[{"key":"speaker","value":"customer","pinned":true}]},{"id":89,"content":"yes","tokens":["yes"],"labels":[],"metadata":[{"key":"speaker","value":"agent","pinned":true}]},{"id":90,"content":"later today i'll i'll take","tokens":["later","today","i","'ll","i","'ll","take"],"labels":[],"metadata":[{"key":"speaker","value":"customer","pinned":true}]},{"id":91,"content":"okay","tokens":["okay"],"labels":[],"metadata":[{"key":"speaker","value":"agent","pinned":true}]},{"id":92,"content":"a look all right thank you so","tokens":["a","look","all","right","thank","you","so"],"labels":[],"metadata":[{"key":"speaker","value":"customer","pinned":true}]},{"id":93,"content":"all","tokens":["all"],"labels":[],"metadata":[{"key":"speaker","value":"agent","pinned":true}]},{"id":94,"content":"much","tokens":["much"],"labels":[],"metadata":[{"key":"speaker","value":"customer","pinned":true}]},{"id":95,"content":"right","tokens":["right"],"labels":[],"metadata":[{"key":"speaker","value":"agent","pinned":true}]},{"id":96,"content":"i appreciate your","tokens":["i","appreciate","your"],"labels":[],"metadata":[{"key":"speaker","value":"customer","pinned":true}]},{"id":97,"content":"you're","tokens":["you're"],"labels":[],"metadata":[{"key":"speaker","value":"agent","pinned":true}]},{"id":98,"content":"help","tokens":["help"],"labels":[],"metadata":[{"key":"speaker","value":"customer","pinned":true}]},{"id":99,"content":"welcome","tokens":["welcome"],"labels":[],"metadata":[{"key":"speaker","value":"agent","pinned":true}]},{"id":100,"content":"alright take care bye","tokens":["alright","take","care","bye"],"labels":[],"metadata":[{"key":"speaker","value":"customer","pinned":true}]},{"id":101,"content":"","tokens":[],"labels":[],"metadata":[{"key":"speaker","value":"","pinned":true}]}],"labelerInfo":{"id":3732,"email":"raden.fikri@datasaur.ai","displayName":"Raden Fikri Ihza Dwi Nanda"},"labelSets":[{"index":0,"labelItems":[{"id":"nKL3G7BYmaZQN4dhh3Vt6","labelName":"Incorrect Phrase","parentId":null,"color":null},{"id":"H1mdmWGabDLNxk8SPDF0b","labelName":"Ambiguous Phrase","parentId":null,"color":null},{"id":"mrxXJVJd5EPCY1H0ohS7T","labelName":"DLM","parentId":null,"color":null},{"id":"fuySN6A-JXzWQtxXh8CNh","labelName":"Interaction Greeting","color":null}]},{"index":1,"labelItems":[{"id":"L_cCYcsBujUPySm0wy4KQ","labelName":"Paraphrasing​","parentId":null,"color":null},{"id":"1-gtPELa9guNa5QitLpnI","labelName":"Interaction Ownership​","parentId":null,"color":null},{"id":"3vBhgbkfAEtZSatKosMDy","labelName":"Agent Probing​","parentId":null,"color":null},{"id":"Aw8BubJsDBZC-SP9lHxet","labelName":"Offer Self Help​","parentId":null,"color":null},{"id":"MUREhm6MlSLCC7HLWx8Uf","labelName":"Offer Additional Assistance​","parentId":null,"color":null},{"id":"t1eDBMnM8Gyarze3XHeQm","labelName":"Willingness to Assist​","parentId":null,"color":null},{"id":"qMgyiEJYM60xDXeDqUqCc","labelName":"Agent Politeness​","parentId":null,"color":null},{"id":"wVFXoJmoN8cmHYC0_fhj8","labelName":"Agent Rapport​","parentId":null,"color":null},{"id":"WpkYoqBbuXbI2amo0pPSG","labelName":"Agent Inactive Listening​","parentId":null,"color":null},{"id":"jdb2pNyWCqF3aDTHhoXex","labelName":"Agent Rudeness​","parentId":null,"color":null},{"id":"MZqniESoD55qDObtTp3Vw","labelName":"Agent Empathy​","parentId":null,"color":null},{"id":"8msAkL6RrB6K6rnnGUMiH","labelName":"Lack of confidence​","parentId":null,"color":null},{"id":"dcKzZX_NCdUttfkZEOEgp","labelName":"Interaction Greeting","parentId":null,"color":null},{"id":"cOfaOEwuUym4YzDBGEvTE","labelName":"Company Name​","parentId":null,"color":null},{"id":"SN85C2rQQL98DtPtrY_o9","labelName":"Agent Introduction","parentId":null,"color":null},{"id":"oekwyozExuTAolGMj6eTp","labelName":"Customer Introduction","parentId":null,"color":null},{"id":"dJMP6jGn1h27cxYQZfMzE","labelName":"Authenticate Customer​","parentId":null,"color":null},{"id":"Uy6yZAw88I-zz0dre74kl","labelName":"Required Disclosures​","parentId":null,"color":null},{"id":"8s78v7LXjYOUAu4vfTEu4","labelName":"Agent Profanity","parentId":null,"color":null},{"id":"3SgZnfV2btw_IbSXPYhWa","labelName":"Conversation Recap","parentId":null,"color":null},{"id":"5njAKstgXlOJQgcy3__-j","labelName":"Agent Verify Resolution","parentId":null,"color":null},{"id":"pxXwUOtFQTkagE1O3DIT4","labelName":"Interaction Closing","parentId":null,"color":null}]},{"index":2,"labelItems":[{"id":"42mfNS7cP9VP53E2U-1FW","labelName":"What is the caller looking for?","parentId":null,"color":null}]}],"labels":[],"comments":[]}
