{"sentences":[{"id":0,"content":"now put on this did you try to click","tokens":["now","put","on","this","did","you","try","to","click"],"labels":[],"metadata":[{"key":"speaker","value":"agent","pinned":true}]},{"id":1,"content":"thank you for contact through the entire","tokens":["thank","you","for","contact","through","the","entire"],"labels":[],"metadata":[{"key":"speaker","value":"customer","pinned":true}]},{"id":2,"content":"had","tokens":["had"],"labels":[],"metadata":[{"key":"speaker","value":"agent","pinned":true}]},{"id":3,"content":"my name is ricky how may i assist you yes","tokens":["my","name","is","ricky","how","may","i","assist","you","yes"],"labels":[],"metadata":[{"key":"speaker","value":"customer","pinned":true}]},{"id":4,"content":"hello","tokens":["hello"],"labels":[],"metadata":[{"key":"speaker","value":"agent","pinned":true}]},{"id":5,"content":"hi hello","tokens":["hi","hello"],"labels":[],"metadata":[{"key":"speaker","value":"customer","pinned":true}]},{"id":6,"content":"hello miss came up for you yeah i'm sorry so aah say it again","tokens":["hello","miss","came","up","for","you","yeah","i","'m","sorry","so","aah","say","it","again"],"labels":[],"metadata":[{"key":"speaker","value":"agent","pinned":true}]},{"id":7,"content":"so thank you for contacting them hi my name is ricky how may i assist you","tokens":["so","thank","you","for","contacting","them","hi","my","name","is","ricky","how","may","i","assist","you"],"labels":[],"metadata":[{"key":"speaker","value":"customer","pinned":true}]},{"id":8,"content":"aah","tokens":["aah"],"labels":[],"metadata":[{"key":"speaker","value":"agent","pinned":true}]},{"id":9,"content":"oh","tokens":["oh"],"labels":[],"metadata":[{"key":"speaker","value":"customer","pinned":true}]},{"id":10,"content":"i'm kind","tokens":["i","'m","kind"],"labels":[],"metadata":[{"key":"speaker","value":"agent","pinned":true}]},{"id":11,"content":"okay","tokens":["okay"],"labels":[],"metadata":[{"key":"speaker","value":"customer","pinned":true}]},{"id":12,"content":"of confused the best that i placed in pay out is not what it is usually say when","tokens":["of","confused","the","best","that","i","placed","in","pay","out","is","not","what","it","is","usually","say","when"],"labels":[],"metadata":[{"key":"speaker","value":"agent","pinned":true}]},{"id":13,"content":"i","tokens":["i"],"labels":[],"metadata":[{"key":"speaker","value":"customer","pinned":true}]},{"id":14,"content":"i","tokens":["i"],"labels":[],"metadata":[{"key":"speaker","value":"agent","pinned":true}]},{"id":15,"content":"am not","tokens":["am","not"],"labels":[],"metadata":[{"key":"speaker","value":"customer","pinned":true}]},{"id":16,"content":"placed a bit","tokens":["placed","a","bit"],"labels":[],"metadata":[{"key":"speaker","value":"agent","pinned":true}]},{"id":17,"content":"okay what's","tokens":["okay","what","'s"],"labels":[],"metadata":[{"key":"speaker","value":"customer","pinned":true}]},{"id":18,"content":"i see","tokens":["i","see"],"labels":[],"metadata":[{"key":"speaker","value":"agent","pinned":true}]},{"id":19,"content":"the","tokens":["the"],"labels":[],"metadata":[{"key":"speaker","value":"customer","pinned":true}]},{"id":20,"content":"the","tokens":["the"],"labels":[],"metadata":[{"key":"speaker","value":"agent","pinned":true}]},{"id":21,"content":"phone number on your account","tokens":["phone","number","on","your","account"],"labels":[],"metadata":[{"key":"speaker","value":"customer","pinned":true}]},{"id":22,"content":"seven three two six nine one two two seven zero","tokens":["seven","three","two","six","nine","one","two","two","seven","zero"],"labels":[],"metadata":[{"key":"speaker","value":"agent","pinned":true}]},{"id":23,"content":"i'm a i'm a them","tokens":["i","'m","a","i","'m","a","them"],"labels":[],"metadata":[{"key":"speaker","value":"customer","pinned":true}]},{"id":24,"content":"yeah so","tokens":["yeah","so"],"labels":[],"metadata":[{"key":"speaker","value":"agent","pinned":true}]},{"id":25,"content":"and just verify security question with somebody ma'am","tokens":["and","just","verify","security","question","with","somebody","ma'am"],"labels":[],"metadata":[{"key":"speaker","value":"customer","pinned":true}]},{"id":26,"content":"sandra walker","tokens":["sandra","walker"],"labels":[],"metadata":[{"key":"speaker","value":"agent","pinned":true}]},{"id":27,"content":"and what's the other one on favorite sports team","tokens":["and","what","'s","the","other","one","on","favorite","sports","team"],"labels":[],"metadata":[{"key":"speaker","value":"customer","pinned":true}]},{"id":28,"content":"james k","tokens":["james","k"],"labels":[],"metadata":[{"key":"speaker","value":"agent","pinned":true}]},{"id":29,"content":"here hold on","tokens":["here","hold","on"],"labels":[],"metadata":[{"key":"speaker","value":"customer","pinned":true}]},{"id":30,"content":"yeah","tokens":["yeah"],"labels":[],"metadata":[{"key":"speaker","value":"agent","pinned":true}]},{"id":31,"content":"oh so you placed alaysia so when today","tokens":["oh","so","you","placed","alaysia","so","when","today"],"labels":[],"metadata":[{"key":"speaker","value":"customer","pinned":true}]},{"id":32,"content":"yeah but a while ago so you familiar with a thing called around robert","tokens":["yeah","but","a","while","ago","so","you","familiar","with","a","thing","called","around","robert"],"labels":[],"metadata":[{"key":"speaker","value":"agent","pinned":true}]},{"id":33,"content":"well actually aah i mean i am aware wrong up it is but aah let's see here","tokens":["well","actually","aah","i","mean","i","am","aware","wrong","up","it","is","but","aah","let","'s","see","here"],"labels":[],"metadata":[{"key":"speaker","value":"customer","pinned":true}]},{"id":34,"content":"have you ever just one of them best before","tokens":["have","you","ever","just","one","of","them","best","before"],"labels":[],"metadata":[{"key":"speaker","value":"agent","pinned":true}]},{"id":35,"content":"no i will do i do not do sports betty","tokens":["no","i","will","do","i","do","not","do","sports","betty"],"labels":[],"metadata":[{"key":"speaker","value":"customer","pinned":true}]},{"id":36,"content":"okay","tokens":["okay"],"labels":[],"metadata":[{"key":"speaker","value":"agent","pinned":true}]},{"id":37,"content":"i put","tokens":["i","put"],"labels":[],"metadata":[{"key":"speaker","value":"customer","pinned":true}]},{"id":38,"content":"do","tokens":["do"],"labels":[],"metadata":[{"key":"speaker","value":"agent","pinned":true}]},{"id":39,"content":"apple","tokens":["apple"],"labels":[],"metadata":[{"key":"speaker","value":"customer","pinned":true}]},{"id":40,"content":"you have any idea","tokens":["you","have","any","idea"],"labels":[],"metadata":[{"key":"speaker","value":"agent","pinned":true}]},{"id":41,"content":"aah","tokens":["aah"],"labels":[],"metadata":[{"key":"speaker","value":"customer","pinned":true}]},{"id":42,"content":"you what you're looking","tokens":["you","what","you're","looking"],"labels":[],"metadata":[{"key":"speaker","value":"agent","pinned":true}]},{"id":43,"content":"but","tokens":["but"],"labels":[],"metadata":[{"key":"speaker","value":"customer","pinned":true}]},{"id":44,"content":"at you're looking","tokens":["at","you're","looking"],"labels":[],"metadata":[{"key":"speaker","value":"agent","pinned":true}]},{"id":45,"content":"you","tokens":["you"],"labels":[],"metadata":[{"key":"speaker","value":"customer","pinned":true}]},{"id":46,"content":"at my my bill history because","tokens":["at","my","my","bill","history","because"],"labels":[],"metadata":[{"key":"speaker","value":"agent","pinned":true}]},{"id":47,"content":"yeah i'm tryin' to go to that betty history yeah which that were you aah are you referring to","tokens":["yeah","i","'m","tryin'","to","go","to","that","betty","history","yeah","which","that","were","you","aah","are","you","referring","to"],"labels":[],"metadata":[{"key":"speaker","value":"customer","pinned":true}]},{"id":48,"content":"it says r i just want it that's the only one i what it says r r by five six out of eight","tokens":["it","says","r","i","just","want","it","that","'s","the","only","one","i","what","it","says","r","r","by","five","six","out","of","eight"],"labels":[],"metadata":[{"key":"speaker","value":"agent","pinned":true}]},{"id":49,"content":"i would","tokens":["i","would"],"labels":[],"metadata":[{"key":"speaker","value":"customer","pinned":true}]},{"id":50,"content":"o","tokens":["o"],"labels":[],"metadata":[{"key":"speaker","value":"agent","pinned":true}]},{"id":51,"content":"it's","tokens":["it","'s"],"labels":[],"metadata":[{"key":"speaker","value":"customer","pinned":true}]},{"id":52,"content":"m","tokens":["m"],"labels":[],"metadata":[{"key":"speaker","value":"agent","pinned":true}]},{"id":53,"content":"it's","tokens":["it","'s"],"labels":[],"metadata":[{"key":"speaker","value":"customer","pinned":true}]},{"id":54,"content":"a r","tokens":["a","r"],"labels":[],"metadata":[{"key":"speaker","value":"agent","pinned":true}]},{"id":55,"content":"not","tokens":["not"],"labels":[],"metadata":[{"key":"speaker","value":"customer","pinned":true}]},{"id":56,"content":"y","tokens":["y"],"labels":[],"metadata":[{"key":"speaker","value":"agent","pinned":true}]},{"id":57,"content":"gonna show yeah well you're looking at on your app is actually going to be told different from what i'm lookin' at aah so how many you been on the n c that today just","tokens":["gonna","show","yeah","well","you're","looking","at","on","your","app","is","actually","going","to","be","told","different","from","what","i","'m","lookin'","at","aah","so","how","many","you","been","on","the","n","c","that","today","just"],"labels":[],"metadata":[{"key":"speaker","value":"customer","pinned":true}]},{"id":58,"content":"yeah","tokens":["yeah"],"labels":[],"metadata":[{"key":"speaker","value":"agent","pinned":true}]},{"id":59,"content":"been with what you have that aah aah seventeen what time said that and see if we can narrow it down","tokens":["been","with","what","you","have","that","aah","aah","seventeen","what","time","said","that","and","see","if","we","can","narrow","it","down"],"labels":[],"metadata":[{"key":"speaker","value":"customer","pinned":true}]},{"id":60,"content":"what aah","tokens":["what","aah"],"labels":[],"metadata":[{"key":"speaker","value":"agent","pinned":true}]},{"id":61,"content":"yeah","tokens":["yeah"],"labels":[],"metadata":[{"key":"speaker","value":"customer","pinned":true}]},{"id":62,"content":"hold on","tokens":["hold","on"],"labels":[],"metadata":[{"key":"speaker","value":"agent","pinned":true}]},{"id":63,"content":"there's a couple of bethsaida so one second stay as a twenty dollar one is a total of fifty one it's a ten dollar less n b a that's not that's in the aah what's the twelve today is what seventeen aah","tokens":["there","'s","a","couple","of","bethsaida","so","one","second","stay","as","a","twenty","dollar","one","is","a","total","of","fifty","one","it","'s","a","ten","dollar","less","n","b","a","that","'s","not","that","'s","in","the","aah","what","'s","the","twelve","today","is","what","seventeen","aah"],"labels":[],"metadata":[{"key":"speaker","value":"customer","pinned":true}]},{"id":64,"content":"what i wanted to their now by the log in and then aah give me one","tokens":["what","i","wanted","to","their","now","by","the","log","in","and","then","aah","give","me","one"],"labels":[],"metadata":[{"key":"speaker","value":"agent","pinned":true}]},{"id":65,"content":"so today you did one two two four five","tokens":["so","today","you","did","one","two","two","four","five"],"labels":[],"metadata":[{"key":"speaker","value":"customer","pinned":true}]},{"id":66,"content":"it","tokens":["it"],"labels":[],"metadata":[{"key":"speaker","value":"agent","pinned":true}]},{"id":67,"content":"six","tokens":["six"],"labels":[],"metadata":[{"key":"speaker","value":"customer","pinned":true}]},{"id":68,"content":"is","tokens":["is"],"labels":[],"metadata":[{"key":"speaker","value":"agent","pinned":true}]},{"id":69,"content":"then so it is what for one fifty two let's system per line here total take twenty dollars let's take a s twenty","tokens":["then","so","it","is","what","for","one","fifty","two","let","'s","system","per","line","here","total","take","twenty","dollars","let","'s","take","a","s","twenty"],"labels":[],"metadata":[{"key":"speaker","value":"customer","pinned":true}]},{"id":70,"content":"so early","tokens":["so","early"],"labels":[],"metadata":[{"key":"speaker","value":"agent","pinned":true}]},{"id":71,"content":"aah the twenty dollar one total fifty one about a twenty dollar one this says","tokens":["aah","the","twenty","dollar","one","total","fifty","one","about","a","twenty","dollar","one","this","says"],"labels":[],"metadata":[{"key":"speaker","value":"customer","pinned":true}]},{"id":72,"content":"the","tokens":["the"],"labels":[],"metadata":[{"key":"speaker","value":"agent","pinned":true}]},{"id":73,"content":"forty","tokens":["forty"],"labels":[],"metadata":[{"key":"speaker","value":"customer","pinned":true}]},{"id":74,"content":"one that's one","tokens":["one","that","'s","one"],"labels":[],"metadata":[{"key":"speaker","value":"agent","pinned":true}]},{"id":75,"content":"two","tokens":["two"],"labels":[],"metadata":[{"key":"speaker","value":"customer","pinned":true}]},{"id":76,"content":"way was for the patient was forty two dollars and","tokens":["way","was","for","the","patient","was","forty","two","dollars","and"],"labels":[],"metadata":[{"key":"speaker","value":"agent","pinned":true}]},{"id":77,"content":"for","tokens":["for"],"labels":[],"metadata":[{"key":"speaker","value":"customer","pinned":true}]},{"id":78,"content":"i got","tokens":["i","got"],"labels":[],"metadata":[{"key":"speaker","value":"agent","pinned":true}]},{"id":79,"content":"you two","tokens":["you","two"],"labels":[],"metadata":[{"key":"speaker","value":"customer","pinned":true}]},{"id":80,"content":"turn","tokens":["turn"],"labels":[],"metadata":[{"key":"speaker","value":"agent","pinned":true}]},{"id":81,"content":"dollar","tokens":["dollar"],"labels":[],"metadata":[{"key":"speaker","value":"customer","pinned":true}]},{"id":82,"content":"a hundred","tokens":["a","hundred"],"labels":[],"metadata":[{"key":"speaker","value":"agent","pinned":true}]},{"id":83,"content":"one","tokens":["one"],"labels":[],"metadata":[{"key":"speaker","value":"customer","pinned":true}]},{"id":84,"content":"and sixty","tokens":["and","sixty"],"labels":[],"metadata":[{"key":"speaker","value":"agent","pinned":true}]},{"id":85,"content":"okay","tokens":["okay"],"labels":[],"metadata":[{"key":"speaker","value":"customer","pinned":true}]},{"id":86,"content":"six yeah it says she would at the top of that there are i mean round robin right","tokens":["six","yeah","it","says","she","would","at","the","top","of","that","there","are","i","mean","round","robin","right"],"labels":[],"metadata":[{"key":"speaker","value":"agent","pinned":true}]},{"id":87,"content":"aah","tokens":["aah"],"labels":[],"metadata":[{"key":"speaker","value":"customer","pinned":true}]},{"id":88,"content":"you still my bill you'll see it yet","tokens":["you","still","my","bill","you","'ll","see","it","yet"],"labels":[],"metadata":[{"key":"speaker","value":"agent","pinned":true}]},{"id":89,"content":"no it doesn't show me that no it doesn't show me that aah what i said that's the only one four forty two and","tokens":["no","it","does","n't","show","me","that","no","it","does","n't","show","me","that","aah","what","i","said","that","'s","the","only","one","four","forty","two","and"],"labels":[],"metadata":[{"key":"speaker","value":"customer","pinned":true}]},{"id":90,"content":"yes","tokens":["yes"],"labels":[],"metadata":[{"key":"speaker","value":"agent","pinned":true}]},{"id":91,"content":"it","tokens":["it"],"labels":[],"metadata":[{"key":"speaker","value":"customer","pinned":true}]},{"id":92,"content":"yeah","tokens":["yeah"],"labels":[],"metadata":[{"key":"speaker","value":"agent","pinned":true}]},{"id":93,"content":"says point eighty four percent and you know one","tokens":["says","point","eighty","four","percent","and","you","know","one"],"labels":[],"metadata":[{"key":"speaker","value":"customer","pinned":true}]},{"id":94,"content":"i mean","tokens":["i","mean"],"labels":[],"metadata":[{"key":"speaker","value":"agent","pinned":true}]},{"id":95,"content":"one sixty eight eighty three","tokens":["one","sixty","eight","eighty","three"],"labels":[],"metadata":[{"key":"speaker","value":"customer","pinned":true}]},{"id":96,"content":"yeah but when i placed a bit it said that the pay off was aah like five fifty eight okay the you for my pushing on yeah good i put that twelve to two sixty four and with i mean i thought the person she got the store places the something so we only have one turn on assist","tokens":["yeah","but","when","i","placed","a","bit","it","said","that","the","pay","off","was","aah","like","five","fifty","eight","okay","the","you","for","my","pushing","on","yeah","good","i","put","that","twelve","to","two","sixty","four","and","with","i","mean","i","thought","the","person","she","got","the","store","places","the","something","so","we","only","have","one","turn","on","assist"],"labels":[],"metadata":[{"key":"speaker","value":"agent","pinned":true}]},{"id":97,"content":"well i mean if you're making the bad and it's for directing appellate at that time i mean if the i if the odds changed","tokens":["well","i","mean","if","you're","making","the","bad","and","it","'s","for","directing","appellate","at","that","time","i","mean","if","the","i","if","the","odds","changed"],"labels":[],"metadata":[{"key":"speaker","value":"customer","pinned":true}]},{"id":98,"content":"you're not even not even understand","tokens":["you're","not","even","not","even","understand"],"labels":[],"metadata":[{"key":"speaker","value":"agent","pinned":true}]},{"id":99,"content":"aah","tokens":["aah"],"labels":[],"metadata":[{"key":"speaker","value":"customer","pinned":true}]},{"id":100,"content":"you understand that miss to me brought the bit","tokens":["you","understand","that","miss","to","me","brought","the","bit"],"labels":[],"metadata":[{"key":"speaker","value":"agent","pinned":true}]},{"id":101,"content":"okay","tokens":["okay"],"labels":[],"metadata":[{"key":"speaker","value":"customer","pinned":true}]},{"id":102,"content":"that aah this is what i'm taking from his but","tokens":["that","aah","this","is","what","i","'m","taking","from","his","but"],"labels":[],"metadata":[{"key":"speaker","value":"agent","pinned":true}]},{"id":103,"content":"i","tokens":["i"],"labels":[],"metadata":[{"key":"speaker","value":"customer","pinned":true}]},{"id":104,"content":"when","tokens":["when"],"labels":[],"metadata":[{"key":"speaker","value":"agent","pinned":true}]},{"id":105,"content":"know","tokens":["know"],"labels":[],"metadata":[{"key":"speaker","value":"customer","pinned":true}]},{"id":106,"content":"i put and then i when i put that in that i was buying six out of them eight out of it in that parlayed to win that was i was looking for six out an eight to but i actually ended up getting seven item i mean either way i still got to i got the six saturday that's how i one but that's all i one but what i'm telling you to a pay out is not it said when i placed a bit","tokens":["i","put","and","then","i","when","i","put","that","in","that","i","was","buying","six","out","of","them","eight","out","of","it","in","that","parlayed","to","win","that","was","i","was","looking","for","six","out","an","eight","to","but","i","actually","ended","up","getting","seven","item","i","mean","either","way","i","still","got","to","i","got","the","six","saturday","that","'s","how","i","one","but","that","'s","all","i","one","but","what","i","'m","telling","you","to","a","pay","out","is","not","it","said","when","i","placed","a","bit"],"labels":[],"metadata":[{"key":"speaker","value":"agent","pinned":true}]},{"id":107,"content":"one","tokens":["one"],"labels":[],"metadata":[{"key":"speaker","value":"customer","pinned":true}]},{"id":108,"content":"you","tokens":["you"],"labels":[],"metadata":[{"key":"speaker","value":"agent","pinned":true}]},{"id":109,"content":"one","tokens":["one"],"labels":[],"metadata":[{"key":"speaker","value":"customer","pinned":true}]},{"id":110,"content":"get","tokens":["get"],"labels":[],"metadata":[{"key":"speaker","value":"agent","pinned":true}]},{"id":111,"content":"two","tokens":["two"],"labels":[],"metadata":[{"key":"speaker","value":"customer","pinned":true}]},{"id":112,"content":"the","tokens":["the"],"labels":[],"metadata":[{"key":"speaker","value":"agent","pinned":true}]},{"id":113,"content":"two","tokens":["two"],"labels":[],"metadata":[{"key":"speaker","value":"customer","pinned":true}]},{"id":114,"content":"phone","tokens":["phone"],"labels":[],"metadata":[{"key":"speaker","value":"agent","pinned":true}]},{"id":115,"content":"four oh","tokens":["four","oh"],"labels":[],"metadata":[{"key":"speaker","value":"customer","pinned":true}]},{"id":116,"content":"so","tokens":["so"],"labels":[],"metadata":[{"key":"speaker","value":"agent","pinned":true}]},{"id":117,"content":"so","tokens":["so"],"labels":[],"metadata":[{"key":"speaker","value":"customer","pinned":true}]},{"id":118,"content":"the","tokens":["the"],"labels":[],"metadata":[{"key":"speaker","value":"agent","pinned":true}]},{"id":119,"content":"i guess","tokens":["i","guess"],"labels":[],"metadata":[{"key":"speaker","value":"customer","pinned":true}]},{"id":120,"content":"bit","tokens":["bit"],"labels":[],"metadata":[{"key":"speaker","value":"agent","pinned":true}]},{"id":121,"content":"to set","tokens":["to","set"],"labels":[],"metadata":[{"key":"speaker","value":"customer","pinned":true}]},{"id":122,"content":"for that","tokens":["for","that"],"labels":[],"metadata":[{"key":"speaker","value":"agent","pinned":true}]},{"id":123,"content":"the six","tokens":["the","six"],"labels":[],"metadata":[{"key":"speaker","value":"customer","pinned":true}]},{"id":124,"content":"but i we","tokens":["but","i","we"],"labels":[],"metadata":[{"key":"speaker","value":"agent","pinned":true}]},{"id":125,"content":"it","tokens":["it"],"labels":[],"metadata":[{"key":"speaker","value":"customer","pinned":true}]},{"id":126,"content":"had what would that but i only had only the bill was like one fifty times twenty eight or something like that in the pay out it's five fifty eight","tokens":["had","what","would","that","but","i","only","had","only","the","bill","was","like","one","fifty","times","twenty","eight","or","something","like","that","in","the","pay","out","it","'s","five","fifty","eight"],"labels":[],"metadata":[{"key":"speaker","value":"agent","pinned":true}]},{"id":127,"content":"no","tokens":["no"],"labels":[],"metadata":[{"key":"speaker","value":"customer","pinned":true}]},{"id":128,"content":"let's see","tokens":["let","'s","see"],"labels":[],"metadata":[{"key":"speaker","value":"agent","pinned":true}]},{"id":129,"content":"an idea hold on one moment for me hold on hello you for holding","tokens":["an","idea","hold","on","one","moment","for","me","hold","on","hello","you","for","holding"],"labels":[],"metadata":[{"key":"speaker","value":"customer","pinned":true}]},{"id":130,"content":"yeah","tokens":["yeah"],"labels":[],"metadata":[{"key":"speaker","value":"agent","pinned":true}]},{"id":131,"content":"okay","tokens":["okay"],"labels":[],"metadata":[{"key":"speaker","value":"customer","pinned":true}]},{"id":132,"content":"but","tokens":["but"],"labels":[],"metadata":[{"key":"speaker","value":"agent","pinned":true}]},{"id":133,"content":"alright so this is what i did know there's aah there's a set of people that's call the trade thursday pretty much you know they do the gratings for all the best and they have","tokens":["alright","so","this","is","what","i","did","know","there","'s","aah","there","'s","a","set","of","people","that","'s","call","the","trade","thursday","pretty","much","you","know","they","do","the","gratings","for","all","the","best","and","they","have"],"labels":[],"metadata":[{"key":"speaker","value":"customer","pinned":true}]},{"id":134,"content":"but","tokens":["but"],"labels":[],"metadata":[{"key":"speaker","value":"agent","pinned":true}]},{"id":135,"content":"detailed information so i gave in your account number and it went through all the best but they're telling me based on based on","tokens":["detailed","information","so","i","gave","in","your","account","number","and","it","went","through","all","the","best","but","they","'re","telling","me","based","on","based","on"],"labels":[],"metadata":[{"key":"speaker","value":"customer","pinned":true}]},{"id":136,"content":"i'm","tokens":["i","'m"],"labels":[],"metadata":[{"key":"speaker","value":"agent","pinned":true}]},{"id":137,"content":"the aah","tokens":["the","aah"],"labels":[],"metadata":[{"key":"speaker","value":"customer","pinned":true}]},{"id":138,"content":"still","tokens":["still"],"labels":[],"metadata":[{"key":"speaker","value":"agent","pinned":true}]},{"id":139,"content":"all","tokens":["all"],"labels":[],"metadata":[{"key":"speaker","value":"customer","pinned":true}]},{"id":140,"content":"working","tokens":["working"],"labels":[],"metadata":[{"key":"speaker","value":"agent","pinned":true}]},{"id":141,"content":"the lines and your bad that's what to pay on it","tokens":["the","lines","and","your","bad","that","'s","what","to","pay","on","it"],"labels":[],"metadata":[{"key":"speaker","value":"customer","pinned":true}]},{"id":142,"content":"by the young not explaining this when i placed a bit","tokens":["by","the","young","not","explaining","this","when","i","placed","a","bit"],"labels":[],"metadata":[{"key":"speaker","value":"agent","pinned":true}]},{"id":143,"content":"okay bye bye","tokens":["okay","bye","bye"],"labels":[],"metadata":[{"key":"speaker","value":"customer","pinned":true}]},{"id":144,"content":"a bit pay out was five hundred is change how if aah if i at six out of the eight and that's what i better one and i got that plus one how the the payout change what is that where you're getting this pin yeah so","tokens":["a","bit","pay","out","was","five","hundred","is","change","how","if","aah","if","i","at","six","out","of","the","eight","and","that","'s","what","i","better","one","and","i","got","that","plus","one","how","the","the","payout","change","what","is","that","where","you're","getting","this","pin","yeah","so"],"labels":[],"metadata":[{"key":"speaker","value":"agent","pinned":true}]},{"id":145,"content":"no i'm not physically get again i'm just looking at the aah screen that's already done so i called i called the department that handles data and they're telling me that it's that i'm asking do i how you know 'cause he can he can see it you can see the mention once","tokens":["no","i","'m","not","physically","get","again","i","'m","just","looking","at","the","aah","screen","that","'s","already","done","so","i","called","i","called","the","department","that","handles","data","and","they","'re","telling","me","that","it","'s","that","i","'m","asking","do","i","how","you","know","'","cause","he","can","he","can","see","it","you","can","see","the","mention","once"],"labels":[],"metadata":[{"key":"speaker","value":"customer","pinned":true}]},{"id":146,"content":"of","tokens":["of"],"labels":[],"metadata":[{"key":"speaker","value":"agent","pinned":true}]},{"id":147,"content":"i get","tokens":["i","get"],"labels":[],"metadata":[{"key":"speaker","value":"customer","pinned":true}]},{"id":148,"content":"course","tokens":["course"],"labels":[],"metadata":[{"key":"speaker","value":"agent","pinned":true}]},{"id":149,"content":"on the account","tokens":["on","the","account"],"labels":[],"metadata":[{"key":"speaker","value":"customer","pinned":true}]},{"id":150,"content":"but","tokens":["but"],"labels":[],"metadata":[{"key":"speaker","value":"agent","pinned":true}]},{"id":151,"content":"number he can see the","tokens":["number","he","can","see","the"],"labels":[],"metadata":[{"key":"speaker","value":"customer","pinned":true}]},{"id":152,"content":"so","tokens":["so"],"labels":[],"metadata":[{"key":"speaker","value":"agent","pinned":true}]},{"id":153,"content":"information","tokens":["information"],"labels":[],"metadata":[{"key":"speaker","value":"customer","pinned":true}]},{"id":154,"content":"what","tokens":["what"],"labels":[],"metadata":[{"key":"speaker","value":"agent","pinned":true}]},{"id":155,"content":"allow they're","tokens":["allow","they","'re"],"labels":[],"metadata":[{"key":"speaker","value":"customer","pinned":true}]},{"id":156,"content":"for","tokens":["for"],"labels":[],"metadata":[{"key":"speaker","value":"agent","pinned":true}]},{"id":157,"content":"telling me is that","tokens":["telling","me","is","that"],"labels":[],"metadata":[{"key":"speaker","value":"customer","pinned":true}]},{"id":158,"content":"so","tokens":["so"],"labels":[],"metadata":[{"key":"speaker","value":"agent","pinned":true}]},{"id":159,"content":"it","tokens":["it"],"labels":[],"metadata":[{"key":"speaker","value":"customer","pinned":true}]},{"id":160,"content":"can","tokens":["can"],"labels":[],"metadata":[{"key":"speaker","value":"agent","pinned":true}]},{"id":161,"content":"is correct i'm like i","tokens":["is","correct","i","'m","like","i"],"labels":[],"metadata":[{"key":"speaker","value":"customer","pinned":true}]},{"id":162,"content":"i","tokens":["i"],"labels":[],"metadata":[{"key":"speaker","value":"agent","pinned":true}]},{"id":163,"content":"don't","tokens":["do","n't"],"labels":[],"metadata":[{"key":"speaker","value":"customer","pinned":true}]},{"id":164,"content":"need","tokens":["need"],"labels":[],"metadata":[{"key":"speaker","value":"agent","pinned":true}]},{"id":165,"content":"know what","tokens":["know","what"],"labels":[],"metadata":[{"key":"speaker","value":"customer","pinned":true}]},{"id":166,"content":"to","tokens":["to"],"labels":[],"metadata":[{"key":"speaker","value":"agent","pinned":true}]},{"id":167,"content":"to say","tokens":["to","say"],"labels":[],"metadata":[{"key":"speaker","value":"customer","pinned":true}]},{"id":168,"content":"so that's why can't i speak to them i mean i need to know what","tokens":["so","that","'s","why","ca","n't","i","speak","to","them","i","mean","i","need","to","know","what"],"labels":[],"metadata":[{"key":"speaker","value":"agent","pinned":true}]},{"id":169,"content":"no","tokens":["no"],"labels":[],"metadata":[{"key":"speaker","value":"customer","pinned":true}]},{"id":170,"content":"the round","tokens":["the","round"],"labels":[],"metadata":[{"key":"speaker","value":"agent","pinned":true}]},{"id":171,"content":"they don't","tokens":["they","do","n't"],"labels":[],"metadata":[{"key":"speaker","value":"customer","pinned":true}]},{"id":172,"content":"right","tokens":["right"],"labels":[],"metadata":[{"key":"speaker","value":"agent","pinned":true}]},{"id":173,"content":"take","tokens":["take"],"labels":[],"metadata":[{"key":"speaker","value":"customer","pinned":true}]},{"id":174,"content":"what","tokens":["what"],"labels":[],"metadata":[{"key":"speaker","value":"agent","pinned":true}]},{"id":175,"content":"them","tokens":["them"],"labels":[],"metadata":[{"key":"speaker","value":"customer","pinned":true}]},{"id":176,"content":"does that real robin","tokens":["does","that","real","robin"],"labels":[],"metadata":[{"key":"speaker","value":"agent","pinned":true}]},{"id":177,"content":"okay","tokens":["okay"],"labels":[],"metadata":[{"key":"speaker","value":"customer","pinned":true}]},{"id":178,"content":"what","tokens":["what"],"labels":[],"metadata":[{"key":"speaker","value":"agent","pinned":true}]},{"id":179,"content":"so","tokens":["so"],"labels":[],"metadata":[{"key":"speaker","value":"customer","pinned":true}]},{"id":180,"content":"does","tokens":["does"],"labels":[],"metadata":[{"key":"speaker","value":"agent","pinned":true}]},{"id":181,"content":"you","tokens":["you"],"labels":[],"metadata":[{"key":"speaker","value":"customer","pinned":true}]},{"id":182,"content":"that","tokens":["that"],"labels":[],"metadata":[{"key":"speaker","value":"agent","pinned":true}]},{"id":183,"content":"have an s","tokens":["have","an","s"],"labels":[],"metadata":[{"key":"speaker","value":"customer","pinned":true}]},{"id":184,"content":"round robin","tokens":["round","robin"],"labels":[],"metadata":[{"key":"speaker","value":"agent","pinned":true}]},{"id":185,"content":"m e i","tokens":["m","e","i"],"labels":[],"metadata":[{"key":"speaker","value":"customer","pinned":true}]},{"id":186,"content":"me","tokens":["me"],"labels":[],"metadata":[{"key":"speaker","value":"agent","pinned":true}]},{"id":187,"content":"until them","tokens":["until","them"],"labels":[],"metadata":[{"key":"speaker","value":"customer","pinned":true}]},{"id":188,"content":"so what i'm saying so who can i talk to check that can explain this","tokens":["so","what","i","'m","saying","so","who","can","i","talk","to","check","that","can","explain","this"],"labels":[],"metadata":[{"key":"speaker","value":"agent","pinned":true}]},{"id":189,"content":"i can't do that hold on a moment","tokens":["i","ca","n't","do","that","hold","on","a","moment"],"labels":[],"metadata":[{"key":"speaker","value":"customer","pinned":true}]},{"id":190,"content":"oh","tokens":["oh"],"labels":[],"metadata":[{"key":"speaker","value":"agent","pinned":true}]},{"id":191,"content":"so the hello mister cavo","tokens":["so","the","hello","mister","cavo"],"labels":[],"metadata":[{"key":"speaker","value":"customer","pinned":true}]},{"id":192,"content":"yeah yes","tokens":["yeah","yes"],"labels":[],"metadata":[{"key":"speaker","value":"agent","pinned":true}]},{"id":193,"content":"alright thanks for holding alright no they said i'm gonna give you this is the number for the he had branch in nevada they have","tokens":["alright","thanks","for","holding","alright","no","they","said","i","'m","gonna","give","you","this","is","the","number","for","the","he","had","branch","in","nevada","they","have"],"labels":[],"metadata":[{"key":"speaker","value":"customer","pinned":true}]},{"id":194,"content":"aah","tokens":["aah"],"labels":[],"metadata":[{"key":"speaker","value":"agent","pinned":true}]},{"id":195,"content":"all the people out","tokens":["all","the","people","out"],"labels":[],"metadata":[{"key":"speaker","value":"customer","pinned":true}]},{"id":196,"content":"oh","tokens":["oh"],"labels":[],"metadata":[{"key":"speaker","value":"agent","pinned":true}]},{"id":197,"content":"there i'm gonna give you this number you write it down deader'n twenty four hours so","tokens":["there","i","'m","gonna","give","you","this","number","you","write","it","down","deader'n","twenty","four","hours","so"],"labels":[],"metadata":[{"key":"speaker","value":"customer","pinned":true}]},{"id":198,"content":"hello all on the phone","tokens":["hello","all","on","the","phone"],"labels":[],"metadata":[{"key":"speaker","value":"agent","pinned":true}]},{"id":199,"content":"hold on this is the place aah","tokens":["hold","on","this","is","the","place","aah"],"labels":[],"metadata":[{"key":"speaker","value":"customer","pinned":true}]},{"id":200,"content":"instead","tokens":["instead"],"labels":[],"metadata":[{"key":"speaker","value":"agent","pinned":true}]},{"id":201,"content":"off","tokens":["off"],"labels":[],"metadata":[{"key":"speaker","value":"customer","pinned":true}]},{"id":202,"content":"of it i'm so no i don't what's the phone number","tokens":["of","it","i","'m","so","no","i","do","n't","what","'s","the","phone","number"],"labels":[],"metadata":[{"key":"speaker","value":"agent","pinned":true}]},{"id":203,"content":"sure it is","tokens":["sure","it","is"],"labels":[],"metadata":[{"key":"speaker","value":"customer","pinned":true}]},{"id":204,"content":"less","tokens":["less"],"labels":[],"metadata":[{"key":"speaker","value":"agent","pinned":true}]},{"id":205,"content":"aah","tokens":["aah"],"labels":[],"metadata":[{"key":"speaker","value":"customer","pinned":true}]},{"id":206,"content":"than","tokens":["than"],"labels":[],"metadata":[{"key":"speaker","value":"agent","pinned":true}]},{"id":207,"content":"one eight eight eight","tokens":["one","eight","eight","eight"],"labels":[],"metadata":[{"key":"speaker","value":"customer","pinned":true}]},{"id":208,"content":"the one one","tokens":["the","one","one"],"labels":[],"metadata":[{"key":"speaker","value":"agent","pinned":true}]},{"id":209,"content":"yeah so that's triple a five eight eight eight five","tokens":["yeah","so","that","'s","triple","a","five","eight","eight","eight","five"],"labels":[],"metadata":[{"key":"speaker","value":"customer","pinned":true}]},{"id":210,"content":"yes","tokens":["yes"],"labels":[],"metadata":[{"key":"speaker","value":"agent","pinned":true}]},{"id":211,"content":"three","tokens":["three"],"labels":[],"metadata":[{"key":"speaker","value":"customer","pinned":true}]},{"id":212,"content":"yes","tokens":["yes"],"labels":[],"metadata":[{"key":"speaker","value":"agent","pinned":true}]},{"id":213,"content":"two five","tokens":["two","five"],"labels":[],"metadata":[{"key":"speaker","value":"customer","pinned":true}]},{"id":214,"content":"yeah","tokens":["yeah"],"labels":[],"metadata":[{"key":"speaker","value":"agent","pinned":true}]},{"id":215,"content":"three zero zero","tokens":["three","zero","zero"],"labels":[],"metadata":[{"key":"speaker","value":"customer","pinned":true}]},{"id":216,"content":"alright","tokens":["alright"],"labels":[],"metadata":[{"key":"speaker","value":"agent","pinned":true}]},{"id":217,"content":"yeah 'cause we don't have anything","tokens":["yeah","'","cause","we","do","n't","have","anything"],"labels":[],"metadata":[{"key":"speaker","value":"customer","pinned":true}]},{"id":218,"content":"aah","tokens":["aah"],"labels":[],"metadata":[{"key":"speaker","value":"agent","pinned":true}]},{"id":219,"content":"here to like go back to you in in on the history and see what was projected and we we just don't have equipment like that look at that so you know i really to be able to verify the numbers that you're right not me okay so give this number i'm calling them that you have an issue with the that that you made the odds to rejected adds okay and to pay off","tokens":["here","to","like","go","back","to","you","in","in","on","the","history","and","see","what","was","projected","and","we","we","just","do","n't","have","equipment","like","that","look","at","that","so","you","know","i","really","to","be","able","to","verify","the","numbers","that","you're","right","not","me","okay","so","give","this","number","i","'m","calling","them","that","you","have","an","issue","with","the","that","that","you","made","the","odds","to","rejected","adds","okay","and","to","pay","off"],"labels":[],"metadata":[{"key":"speaker","value":"customer","pinned":true}]},{"id":220,"content":"yeah","tokens":["yeah"],"labels":[],"metadata":[{"key":"speaker","value":"agent","pinned":true}]},{"id":221,"content":"alright","tokens":["alright"],"labels":[],"metadata":[{"key":"speaker","value":"customer","pinned":true}]},{"id":222,"content":"alright yeah","tokens":["alright","yeah"],"labels":[],"metadata":[{"key":"speaker","value":"agent","pinned":true}]},{"id":223,"content":"alright that's thanks again for contacting impair","tokens":["alright","that","'s","thanks","again","for","contacting","impair"],"labels":[],"metadata":[{"key":"speaker","value":"customer","pinned":true}]},{"id":224,"content":"thank","tokens":["thank"],"labels":[],"metadata":[{"key":"speaker","value":"agent","pinned":true}]},{"id":225,"content":"have a wonderful","tokens":["have","a","wonderful"],"labels":[],"metadata":[{"key":"speaker","value":"customer","pinned":true}]},{"id":226,"content":"you","tokens":["you"],"labels":[],"metadata":[{"key":"speaker","value":"agent","pinned":true}]},{"id":227,"content":"evening thank you","tokens":["evening","thank","you"],"labels":[],"metadata":[{"key":"speaker","value":"customer","pinned":true}]},{"id":228,"content":"yeah","tokens":["yeah"],"labels":[],"metadata":[{"key":"speaker","value":"agent","pinned":true}]},{"id":229,"content":"okay bye bye","tokens":["okay","bye","bye"],"labels":[],"metadata":[{"key":"speaker","value":"customer","pinned":true}]},{"id":230,"content":"it's just","tokens":["it","'s","just"],"labels":[],"metadata":[{"key":"speaker","value":"agent","pinned":true}]},{"id":231,"content":"","tokens":[],"labels":[],"metadata":[{"key":"speaker","value":"","pinned":true}]}],"labelerInfo":{"id":3732,"email":"raden.fikri@datasaur.ai","displayName":"Raden Fikri Ihza Dwi Nanda"},"labelSets":[{"index":0,"labelItems":[{"id":"nKL3G7BYmaZQN4dhh3Vt6","labelName":"Incorrect Phrase","parentId":null,"color":null},{"id":"H1mdmWGabDLNxk8SPDF0b","labelName":"Ambiguous Phrase","parentId":null,"color":null},{"id":"mrxXJVJd5EPCY1H0ohS7T","labelName":"DLM","parentId":null,"color":null},{"id":"fuySN6A-JXzWQtxXh8CNh","labelName":"Interaction Greeting","color":null}]},{"index":1,"labelItems":[{"id":"L_cCYcsBujUPySm0wy4KQ","labelName":"Paraphrasing​","parentId":null,"color":null},{"id":"1-gtPELa9guNa5QitLpnI","labelName":"Interaction Ownership​","parentId":null,"color":null},{"id":"3vBhgbkfAEtZSatKosMDy","labelName":"Agent Probing​","parentId":null,"color":null},{"id":"Aw8BubJsDBZC-SP9lHxet","labelName":"Offer Self Help​","parentId":null,"color":null},{"id":"MUREhm6MlSLCC7HLWx8Uf","labelName":"Offer Additional Assistance​","parentId":null,"color":null},{"id":"t1eDBMnM8Gyarze3XHeQm","labelName":"Willingness to Assist​","parentId":null,"color":null},{"id":"qMgyiEJYM60xDXeDqUqCc","labelName":"Agent Politeness​","parentId":null,"color":null},{"id":"wVFXoJmoN8cmHYC0_fhj8","labelName":"Agent Rapport​","parentId":null,"color":null},{"id":"WpkYoqBbuXbI2amo0pPSG","labelName":"Agent Inactive Listening​","parentId":null,"color":null},{"id":"jdb2pNyWCqF3aDTHhoXex","labelName":"Agent Rudeness​","parentId":null,"color":null},{"id":"MZqniESoD55qDObtTp3Vw","labelName":"Agent Empathy​","parentId":null,"color":null},{"id":"8msAkL6RrB6K6rnnGUMiH","labelName":"Lack of confidence​","parentId":null,"color":null},{"id":"dcKzZX_NCdUttfkZEOEgp","labelName":"Interaction Greeting","parentId":null,"color":null},{"id":"cOfaOEwuUym4YzDBGEvTE","labelName":"Company Name​","parentId":null,"color":null},{"id":"SN85C2rQQL98DtPtrY_o9","labelName":"Agent Introduction","parentId":null,"color":null},{"id":"oekwyozExuTAolGMj6eTp","labelName":"Customer Introduction","parentId":null,"color":null},{"id":"dJMP6jGn1h27cxYQZfMzE","labelName":"Authenticate Customer​","parentId":null,"color":null},{"id":"Uy6yZAw88I-zz0dre74kl","labelName":"Required Disclosures​","parentId":null,"color":null},{"id":"8s78v7LXjYOUAu4vfTEu4","labelName":"Agent Profanity","parentId":null,"color":null},{"id":"3SgZnfV2btw_IbSXPYhWa","labelName":"Conversation Recap","parentId":null,"color":null},{"id":"5njAKstgXlOJQgcy3__-j","labelName":"Agent Verify Resolution","parentId":null,"color":null},{"id":"pxXwUOtFQTkagE1O3DIT4","labelName":"Interaction Closing","parentId":null,"color":null}]},{"index":2,"labelItems":[{"id":"42mfNS7cP9VP53E2U-1FW","labelName":"What is the caller looking for?","parentId":null,"color":null}]}],"labels":[],"comments":[]}
