{"sentences":[{"id":0,"content":"Lorem ipsum dolor sit amet, consectetur adipiscing elit, sed do eiusmod tempor incididunt ut labore et dolore magna aliqua.","tokens":["Lorem","ipsum","dolor","sit","amet",",","consectetur","adipiscing","elit",",","sed","do","eiusmod","tempor","incididunt","ut","labore","et","dolore","magna","aliqua","."],"labels":[],"metadata":[]},{"id":1,"content":"Ut enim ad minim veniam, quis nostrud exercitation ullamco laboris nisi ut aliquip ex ea commodo consequat. ","tokens":["Ut","enim","ad","minim","veniam",",","quis","nostrud","exercitation","ullamco","laboris","nisi","ut","aliquip","ex","ea","commodo","consequat","."],"labels":[],"metadata":[]},{"id":2,"content":"Duis aute irure dolor in reprehenderit in voluptate velit esse nulla pariatur. ","tokens":["Duis","aute","irure","dolor","in","reprehenderit","in","voluptate","velit","esse","nulla","pariatur","."],"labels":[],"metadata":[]},{"id":3,"content":"Excepteur sint occaecat cupidatat non proident, sunt in culpa qui officia deserunt mollit anim id est laborum.","tokens":["Excepteur","sint","occaecat","cupidatat","non","proident",",","sunt","in","culpa","qui","officia","deserunt","mollit","anim","id","est","laborum","."],"labels":[],"metadata":[]},{"id":4,"content":"Fusce ac turpis quis ligula lacinia aliquet. ","tokens":["Fusce","ac","turpis","quis","ligula","lacinia","aliquet","."],"labels":[],"metadata":[]},{"id":5,"content":"Mauris ipsum. ","tokens":["Mauris","ipsum","."],"labels":[],"metadata":[]},{"id":6,"content":"Nulla metus metus, ullamcorper vel, tincidunt sed, euismod in, nibh. ","tokens":["Nulla","metus","metus",",","ullamcorper","vel",",","tincidunt","sed",",","euismod","in",",","nibh","."],"labels":[],"metadata":[]},{"id":7,"content":"Quisque volutpat condimentum velit. ","tokens":["Quisque","volutpat","condimentum","velit","."],"labels":[],"metadata":[]},{"id":8,"content":"Class aptent taciti sociosqu ad litora torquent per conubia nostra, per inceptos himenaeos. ","tokens":["Class","aptent","taciti","sociosqu","ad","litora","torquent","per","conubia","nostra",",","per","inceptos","himenaeos","."],"labels":[],"metadata":[]},{"id":9,"content":"Nam nec ante. ","tokens":["Nam","nec","ante","."],"labels":[],"metadata":[]},{"id":10,"content":"Vestibulum sapien. ","tokens":["Vestibulum","sapien","."],"labels":[],"metadata":[]},{"id":11,"content":"Proin quam. ","tokens":["Proin","quam","."],"labels":[],"metadata":[]},{"id":12,"content":"Etiam ultrices. ","tokens":["Etiam","ultrices","."],"labels":[],"metadata":[]},{"id":13,"content":"Suspendisse in justo eu magna luctus suscipit. ","tokens":["Suspendisse","in","justo","eu","magna","luctus","suscipit","."],"labels":[],"metadata":[]},{"id":14,"content":"Sed lectus. ","tokens":["Sed","lectus","."],"labels":[],"metadata":[]},{"id":15,"content":"Integer euismod lacus luctus magna.  ","tokens":["Integer","euismod","lacus","luctus","magna","."],"labels":[],"metadata":[]},{"id":16,"content":"Integer id quam. ","tokens":["Integer","id","quam","."],"labels":[],"metadata":[]},{"id":17,"content":"Morbi mi. ","tokens":["Morbi","mi","."],"labels":[],"metadata":[]},{"id":18,"content":"Quisque nisl felis, venenatis tristique, dignissim in, ultrices sit amet, augue. P","tokens":["Quisque","nisl","felis",",","venenatis","tristique",",","dignissim","in",",","ultrices","sit","amet",",","augue",".","P"],"labels":[],"metadata":[]},{"id":19,"content":"roin sodales libero eget ante.","tokens":["roin","sodales","libero","eget","ante","."],"labels":[],"metadata":[]}],"labelerInfo":{"id":23,"email":"ivan.marcellino@gdplabs.id","displayName":"ivan.marcellino@gdplabs.id"},"labelSets":[],"labels":[],"comments":[]}
