{"sentences":[{"id":0,"content":"thank you for contacting a m hi my name is keesha how may i assist you","tokens":["thank","you","for","contacting","a","m","hi","my","name","is","keesha","how","may","i","assist","you"],"labels":[],"metadata":[{"key":"speaker","value":"agent","pinned":true}]},{"id":1,"content":"yeah hi um i'm a new aah to this side first time i've used other um sites for for them that for a while so i'm i'm familiar but i haven't really gotten into what you guys","tokens":["yeah","hi","um","i","'m","a","new","aah","to","this","side","first","time","i","'ve","used","other","um","sites","for","for","them","that","for","a","while","so","i","'m","i","'m","familiar","but","i","have","n't","really","gotten","into","what","you","guys"],"labels":[],"metadata":[{"key":"speaker","value":"customer","pinned":true}]},{"id":2,"content":"okay","tokens":["okay"],"labels":[],"metadata":[{"key":"speaker","value":"agent","pinned":true}]},{"id":3,"content":"offer aah i'm sure i'm gonna of questions maybe not right now though um i'm just look over the side but i pasted to give him may twenty five dollars as a aah aah bonus aah is there another bonus that they give you know some some places are given a thousand dollars i i don't know i'm just asking","tokens":["offer","aah","i","'m","sure","i","'m","gonna","of","questions","maybe","not","right","now","though","um","i","'m","just","look","over","the","side","but","i","pasted","to","give","him","may","twenty","five","dollars","as","a","aah","aah","bonus","aah","is","there","another","bonus","that","they","give","you","know","some","some","places","are","given","a","thousand","dollars","i","i","do","n't","know","i","'m","just","asking"],"labels":[],"metadata":[{"key":"speaker","value":"customer","pinned":true}]},{"id":4,"content":"do you have an account with us","tokens":["do","you","have","an","account","with","us"],"labels":[],"metadata":[{"key":"speaker","value":"agent","pinned":true}]},{"id":5,"content":"i'm trying to open up the account is active emails has been sent to me that that i can see that i'm trying to open up the account for some reason i put my information okay and aah","tokens":["i","'m","trying","to","open","up","the","account","is","active","emails","has","been","sent","to","me","that","that","i","can","see","that","i","'m","trying","to","open","up","the","account","for","some","reason","i","put","my","information","okay","and","aah"],"labels":[],"metadata":[{"key":"speaker","value":"customer","pinned":true}]},{"id":6,"content":"okay","tokens":["okay"],"labels":[],"metadata":[{"key":"speaker","value":"agent","pinned":true}]},{"id":7,"content":"for some reason it's not accepting pay i everything is correct","tokens":["for","some","reason","it","'s","not","accepting","pay","i","everything","is","correct"],"labels":[],"metadata":[{"key":"speaker","value":"customer","pinned":true}]},{"id":8,"content":"okay","tokens":["okay"],"labels":[],"metadata":[{"key":"speaker","value":"agent","pinned":true}]},{"id":9,"content":"the emails correct then the aah the password is perfect okay i don't know why it's not taking it for some reason","tokens":["the","emails","correct","then","the","aah","the","password","is","perfect","okay","i","do","n't","know","why","it","'s","not","taking","it","for","some","reason"],"labels":[],"metadata":[{"key":"speaker","value":"customer","pinned":true}]},{"id":10,"content":"yeah","tokens":["yeah"],"labels":[],"metadata":[{"key":"speaker","value":"agent","pinned":true}]},{"id":11,"content":"we noticed you're trying to register the email that already exist please try to log in with the email as user name it's just that aah click on forgot password no i i have everything no","tokens":["we","noticed","you're","trying","to","register","the","email","that","already","exist","please","try","to","log","in","with","the","email","as","user","name","it","'s","just","that","aah","click","on","forgot","password","no","i","i","have","everything","no"],"labels":[],"metadata":[{"key":"speaker","value":"customer","pinned":true}]},{"id":12,"content":"right but","tokens":["right","but"],"labels":[],"metadata":[{"key":"speaker","value":"agent","pinned":true}]},{"id":13,"content":"i'm","tokens":["i","'m"],"labels":[],"metadata":[{"key":"speaker","value":"customer","pinned":true}]},{"id":14,"content":"then what they're saying sir is that you already have an account in the system","tokens":["then","what","they","'re","saying","sir","is","that","you","already","have","an","account","in","the","system"],"labels":[],"metadata":[{"key":"speaker","value":"agent","pinned":true}]},{"id":15,"content":"well use your guys","tokens":["well","use","your","guys"],"labels":[],"metadata":[{"key":"speaker","value":"customer","pinned":true}]},{"id":16,"content":"we are caesar's william hill and you don't","tokens":["we","are","caesar","'s","william","hill","and","you","do","n't"],"labels":[],"metadata":[{"key":"speaker","value":"agent","pinned":true}]},{"id":17,"content":"oh","tokens":["oh"],"labels":[],"metadata":[{"key":"speaker","value":"customer","pinned":true}]},{"id":18,"content":"have an account you're saying","tokens":["have","an","account","you're","saying"],"labels":[],"metadata":[{"key":"speaker","value":"agent","pinned":true}]},{"id":19,"content":"oh william hill oh yeah i did use willingham william help yeah","tokens":["oh","william","hill","oh","yeah","i","did","use","willingham","william","help","yeah"],"labels":[],"metadata":[{"key":"speaker","value":"customer","pinned":true}]},{"id":20,"content":"right","tokens":["right"],"labels":[],"metadata":[{"key":"speaker","value":"agent","pinned":true}]},{"id":21,"content":"i","tokens":["i"],"labels":[],"metadata":[{"key":"speaker","value":"customer","pinned":true}]},{"id":22,"content":"so","tokens":["so"],"labels":[],"metadata":[{"key":"speaker","value":"agent","pinned":true}]},{"id":23,"content":"use","tokens":["use"],"labels":[],"metadata":[{"key":"speaker","value":"customer","pinned":true}]},{"id":24,"content":"we're seizes","tokens":["we","'re","seizes"],"labels":[],"metadata":[{"key":"speaker","value":"agent","pinned":true}]},{"id":25,"content":"your william","tokens":["your","william"],"labels":[],"metadata":[{"key":"speaker","value":"customer","pinned":true}]},{"id":26,"content":"william","tokens":["william"],"labels":[],"metadata":[{"key":"speaker","value":"agent","pinned":true}]},{"id":27,"content":"the old one","tokens":["the","old","one"],"labels":[],"metadata":[{"key":"speaker","value":"customer","pinned":true}]},{"id":28,"content":"no","tokens":["no"],"labels":[],"metadata":[{"key":"speaker","value":"agent","pinned":true}]},{"id":29,"content":"julia","tokens":["julia"],"labels":[],"metadata":[{"key":"speaker","value":"customer","pinned":true}]},{"id":30,"content":"so","tokens":["so"],"labels":[],"metadata":[{"key":"speaker","value":"agent","pinned":true}]},{"id":31,"content":"mail","tokens":["mail"],"labels":[],"metadata":[{"key":"speaker","value":"customer","pinned":true}]},{"id":32,"content":"that your","tokens":["that","your"],"labels":[],"metadata":[{"key":"speaker","value":"agent","pinned":true}]},{"id":33,"content":"and","tokens":["and"],"labels":[],"metadata":[{"key":"speaker","value":"customer","pinned":true}]},{"id":34,"content":"account","tokens":["account"],"labels":[],"metadata":[{"key":"speaker","value":"agent","pinned":true}]},{"id":35,"content":"it","tokens":["it"],"labels":[],"metadata":[{"key":"speaker","value":"customer","pinned":true}]},{"id":36,"content":"will","tokens":["will"],"labels":[],"metadata":[{"key":"speaker","value":"agent","pinned":true}]},{"id":37,"content":"says","tokens":["says"],"labels":[],"metadata":[{"key":"speaker","value":"customer","pinned":true}]},{"id":38,"content":"still be the same","tokens":["still","be","the","same"],"labels":[],"metadata":[{"key":"speaker","value":"agent","pinned":true}]},{"id":39,"content":"so i i i opened up all your help but they saying is it not operation when the new jersey that's what","tokens":["so","i","i","i","opened","up","all","your","help","but","they","saying","is","it","not","operation","when","the","new","jersey","that","'s","what"],"labels":[],"metadata":[{"key":"speaker","value":"customer","pinned":true}]},{"id":40,"content":"no","tokens":["no"],"labels":[],"metadata":[{"key":"speaker","value":"agent","pinned":true}]},{"id":41,"content":"i read online","tokens":["i","read","online"],"labels":[],"metadata":[{"key":"speaker","value":"customer","pinned":true}]},{"id":42,"content":"that's","tokens":["that","'s"],"labels":[],"metadata":[{"key":"speaker","value":"agent","pinned":true}]},{"id":43,"content":"not they're not operational window jersey","tokens":["not","they","'re","not","operational","window","jersey"],"labels":[],"metadata":[{"key":"speaker","value":"customer","pinned":true}]},{"id":44,"content":"okay that's that's not correct sir","tokens":["okay","that","'s","that","'s","not","correct","sir"],"labels":[],"metadata":[{"key":"speaker","value":"agent","pinned":true}]},{"id":45,"content":"so","tokens":["so"],"labels":[],"metadata":[{"key":"speaker","value":"customer","pinned":true}]},{"id":46,"content":"what","tokens":["what"],"labels":[],"metadata":[{"key":"speaker","value":"agent","pinned":true}]},{"id":47,"content":"what","tokens":["what"],"labels":[],"metadata":[{"key":"speaker","value":"customer","pinned":true}]},{"id":48,"content":"is what","tokens":["is","what"],"labels":[],"metadata":[{"key":"speaker","value":"agent","pinned":true}]},{"id":49,"content":"the","tokens":["the"],"labels":[],"metadata":[{"key":"speaker","value":"customer","pinned":true}]},{"id":50,"content":"is","tokens":["is"],"labels":[],"metadata":[{"key":"speaker","value":"agent","pinned":true}]},{"id":51,"content":"that's","tokens":["that","'s"],"labels":[],"metadata":[{"key":"speaker","value":"customer","pinned":true}]},{"id":52,"content":"telephone number on the account","tokens":["telephone","number","on","the","account"],"labels":[],"metadata":[{"key":"speaker","value":"agent","pinned":true}]},{"id":53,"content":"what's that yeah the","tokens":["what","'s","that","yeah","the"],"labels":[],"metadata":[{"key":"speaker","value":"customer","pinned":true}]},{"id":54,"content":"the telephone","tokens":["the","telephone"],"labels":[],"metadata":[{"key":"speaker","value":"agent","pinned":true}]},{"id":55,"content":"two tuesday","tokens":["two","tuesday"],"labels":[],"metadata":[{"key":"speaker","value":"customer","pinned":true}]},{"id":56,"content":"number on","tokens":["number","on"],"labels":[],"metadata":[{"key":"speaker","value":"agent","pinned":true}]},{"id":57,"content":"one","tokens":["one"],"labels":[],"metadata":[{"key":"speaker","value":"customer","pinned":true}]},{"id":58,"content":"the account","tokens":["the","account"],"labels":[],"metadata":[{"key":"speaker","value":"agent","pinned":true}]},{"id":59,"content":"yeah i may have used my cell phone number i don't it's hard to say whether i use my cell phone number or my regular home number but two zero one five four six seven three four two that's i i'm not sure if they ask if they were expecting my cellphone number or not tell you see that this number or zero one nine eight","tokens":["yeah","i","may","have","used","my","cell","phone","number","i","do","n't","it","'s","hard","to","say","whether","i","use","my","cell","phone","number","or","my","regular","home","number","but","two","zero","one","five","four","six","seven","three","four","two","that","'s","i","i","'m","not","sure","if","they","ask","if","they","were","expecting","my","cellphone","number","or","not","tell","you","see","that","this","number","or","zero","one","nine","eight"],"labels":[],"metadata":[{"key":"speaker","value":"customer","pinned":true}]},{"id":60,"content":"what","tokens":["what"],"labels":[],"metadata":[{"key":"speaker","value":"agent","pinned":true}]},{"id":61,"content":"two","tokens":["two"],"labels":[],"metadata":[{"key":"speaker","value":"customer","pinned":true}]},{"id":62,"content":"okay give me one moment is this for boarding","tokens":["okay","give","me","one","moment","is","this","for","boarding"],"labels":[],"metadata":[{"key":"speaker","value":"agent","pinned":true}]},{"id":63,"content":"that's","tokens":["that","'s"],"labels":[],"metadata":[{"key":"speaker","value":"customer","pinned":true}]},{"id":64,"content":"cycled","tokens":["cycled"],"labels":[],"metadata":[{"key":"speaker","value":"agent","pinned":true}]},{"id":65,"content":"right that's","tokens":["right","that","'s"],"labels":[],"metadata":[{"key":"speaker","value":"customer","pinned":true}]},{"id":66,"content":"okay","tokens":["okay"],"labels":[],"metadata":[{"key":"speaker","value":"agent","pinned":true}]},{"id":67,"content":"right","tokens":["right"],"labels":[],"metadata":[{"key":"speaker","value":"customer","pinned":true}]},{"id":68,"content":"yes you already have an account with us for a new jersey","tokens":["yes","you","already","have","an","account","with","us","for","a","new","jersey"],"labels":[],"metadata":[{"key":"speaker","value":"agent","pinned":true}]},{"id":69,"content":"or two william","tokens":["or","two","william"],"labels":[],"metadata":[{"key":"speaker","value":"customer","pinned":true}]},{"id":70,"content":"this is","tokens":["this","is"],"labels":[],"metadata":[{"key":"speaker","value":"agent","pinned":true}]},{"id":71,"content":"hill","tokens":["hill"],"labels":[],"metadata":[{"key":"speaker","value":"customer","pinned":true}]},{"id":72,"content":"c as in william no sir it's one point one aah sourcebook","tokens":["c","as","in","william","no","sir","it","'s","one","point","one","aah","sourcebook"],"labels":[],"metadata":[{"key":"speaker","value":"agent","pinned":true}]},{"id":73,"content":"well no well what for how long have i had the account is my first question 'cause i just opened up i tried to just open up download will your bill because i had not been able to use my ipad which is the only way always gambled okay","tokens":["well","no","well","what","for","how","long","have","i","had","the","account","is","my","first","question","'","cause","i","just","opened","up","i","tried","to","just","open","up","download","will","your","bill","because","i","had","not","been","able","to","use","my","ipad","which","is","the","only","way","always","gambled","okay"],"labels":[],"metadata":[{"key":"speaker","value":"customer","pinned":true}]},{"id":74,"content":"this","tokens":["this"],"labels":[],"metadata":[{"key":"speaker","value":"agent","pinned":true}]},{"id":75,"content":"so i","tokens":["so","i"],"labels":[],"metadata":[{"key":"speaker","value":"customer","pinned":true}]},{"id":76,"content":"this","tokens":["this"],"labels":[],"metadata":[{"key":"speaker","value":"agent","pinned":true}]},{"id":77,"content":"haven't","tokens":["have","n't"],"labels":[],"metadata":[{"key":"speaker","value":"customer","pinned":true}]},{"id":78,"content":"was","tokens":["was"],"labels":[],"metadata":[{"key":"speaker","value":"agent","pinned":true}]},{"id":79,"content":"to","tokens":["to"],"labels":[],"metadata":[{"key":"speaker","value":"customer","pinned":true}]},{"id":80,"content":"opened up november of twenty twenty","tokens":["opened","up","november","of","twenty","twenty"],"labels":[],"metadata":[{"key":"speaker","value":"agent","pinned":true}]},{"id":81,"content":"yeah i really help that's i have an email so aah what do i do","tokens":["yeah","i","really","help","that","'s","i","have","an","email","so","aah","what","do","i","do"],"labels":[],"metadata":[{"key":"speaker","value":"customer","pinned":true}]},{"id":82,"content":"so","tokens":["so"],"labels":[],"metadata":[{"key":"speaker","value":"agent","pinned":true}]},{"id":83,"content":"now","tokens":["now"],"labels":[],"metadata":[{"key":"speaker","value":"customer","pinned":true}]},{"id":84,"content":"what it's telling you is you would have to use that email that is sent you and if you don't member your aah password do you have to click for got password and it'll send the email link to you to create a new password","tokens":["what","it","'s","telling","you","is","you","would","have","to","use","that","email","that","is","sent","you","and","if","you","do","n't","member","your","aah","password","do","you","have","to","click","for","got","password","and","it","'ll","send","the","email","link","to","you","to","create","a","new","password"],"labels":[],"metadata":[{"key":"speaker","value":"agent","pinned":true}]},{"id":85,"content":"right that's what i'm gonna have to do create a new password aah because are looking for an old password i yes aah i guess i'm looking for an old password so i have to create a new password aah and aah so what is that for giving me some getting any oh this is there anything or something","tokens":["right","that","'s","what","i","'m","gonna","have","to","do","create","a","new","password","aah","because","are","looking","for","an","old","password","i","yes","aah","i","guess","i","'m","looking","for","an","old","password","so","i","have","to","create","a","new","password","aah","and","aah","so","what","is","that","for","giving","me","some","getting","any","oh","this","is","there","anything","or","something"],"labels":[],"metadata":[{"key":"speaker","value":"customer","pinned":true}]},{"id":86,"content":"well you","tokens":["well","you"],"labels":[],"metadata":[{"key":"speaker","value":"agent","pinned":true}]},{"id":87,"content":"even","tokens":["even"],"labels":[],"metadata":[{"key":"speaker","value":"customer","pinned":true}]},{"id":88,"content":"you","tokens":["you"],"labels":[],"metadata":[{"key":"speaker","value":"agent","pinned":true}]},{"id":89,"content":"though i haven't","tokens":["though","i","have","n't"],"labels":[],"metadata":[{"key":"speaker","value":"customer","pinned":true}]},{"id":90,"content":"can","tokens":["can"],"labels":[],"metadata":[{"key":"speaker","value":"agent","pinned":true}]},{"id":91,"content":"used","tokens":["used"],"labels":[],"metadata":[{"key":"speaker","value":"customer","pinned":true}]},{"id":92,"content":"go on the promotion aah page to see if there's something there that you would aah aah into wouldn't be eligible for","tokens":["go","on","the","promotion","aah","page","to","see","if","there","'s","something","there","that","you","would","aah","aah","into","would","n't","be","eligible","for"],"labels":[],"metadata":[{"key":"speaker","value":"agent","pinned":true}]},{"id":93,"content":"what","tokens":["what"],"labels":[],"metadata":[{"key":"speaker","value":"customer","pinned":true}]},{"id":94,"content":"but","tokens":["but"],"labels":[],"metadata":[{"key":"speaker","value":"agent","pinned":true}]},{"id":95,"content":"do you","tokens":["do","you"],"labels":[],"metadata":[{"key":"speaker","value":"customer","pinned":true}]},{"id":96,"content":"you","tokens":["you"],"labels":[],"metadata":[{"key":"speaker","value":"agent","pinned":true}]},{"id":97,"content":"normally","tokens":["normally"],"labels":[],"metadata":[{"key":"speaker","value":"customer","pinned":true}]},{"id":98,"content":"wouldn't","tokens":["would","n't"],"labels":[],"metadata":[{"key":"speaker","value":"agent","pinned":true}]},{"id":99,"content":"get","tokens":["get"],"labels":[],"metadata":[{"key":"speaker","value":"customer","pinned":true}]},{"id":100,"content":"be","tokens":["be"],"labels":[],"metadata":[{"key":"speaker","value":"agent","pinned":true}]},{"id":101,"content":"customers can i ask you what do you normally give new customers","tokens":["customers","can","i","ask","you","what","do","you","normally","give","new","customers"],"labels":[],"metadata":[{"key":"speaker","value":"customer","pinned":true}]},{"id":102,"content":"it depends on what promotion that they in into","tokens":["it","depends","on","what","promotion","that","they","in","into"],"labels":[],"metadata":[{"key":"speaker","value":"agent","pinned":true}]},{"id":103,"content":"oh i haven't i dropped it in any promotion to be honest with you because i didn't see i","tokens":["oh","i","have","n't","i","dropped","it","in","any","promotion","to","be","honest","with","you","because","i","did","n't","see","i"],"labels":[],"metadata":[{"key":"speaker","value":"customer","pinned":true}]},{"id":104,"content":"right","tokens":["right"],"labels":[],"metadata":[{"key":"speaker","value":"agent","pinned":true}]},{"id":105,"content":"didn't see","tokens":["did","n't","see"],"labels":[],"metadata":[{"key":"speaker","value":"customer","pinned":true}]},{"id":106,"content":"but a","tokens":["but","a"],"labels":[],"metadata":[{"key":"speaker","value":"agent","pinned":true}]},{"id":107,"content":"any","tokens":["any"],"labels":[],"metadata":[{"key":"speaker","value":"customer","pinned":true}]},{"id":108,"content":"lot the promotions are are new member promotions so you would have to go onto our aah page see if there any other because new member what apply to you you already have a card","tokens":["lot","the","promotions","are","are","new","member","promotions","so","you","would","have","to","go","onto","our","aah","page","see","if","there","any","other","because","new","member","what","apply","to","you","you","already","have","a","card"],"labels":[],"metadata":[{"key":"speaker","value":"agent","pinned":true}]},{"id":109,"content":"yeah yeah oh all right i'll just i'm gonna go about this now i mean then does expect something from you guys aah may i have to create a new password and then i can get into the account","tokens":["yeah","yeah","oh","all","right","i","'ll","just","i","'m","gonna","go","about","this","now","i","mean","then","does","expect","something","from","you","guys","aah","may","i","have","to","create","a","new","password","and","then","i","can","get","into","the","account"],"labels":[],"metadata":[{"key":"speaker","value":"customer","pinned":true}]},{"id":110,"content":"yes sir","tokens":["yes","sir"],"labels":[],"metadata":[{"key":"speaker","value":"agent","pinned":true}]},{"id":111,"content":"so i have to do that on my ipad am i correct","tokens":["so","i","have","to","do","that","on","my","ipad","am","i","correct"],"labels":[],"metadata":[{"key":"speaker","value":"customer","pinned":true}]},{"id":112,"content":"you","tokens":["you"],"labels":[],"metadata":[{"key":"speaker","value":"agent","pinned":true}]},{"id":113,"content":"in other","tokens":["in","other"],"labels":[],"metadata":[{"key":"speaker","value":"customer","pinned":true}]},{"id":114,"content":"can do","tokens":["can","do"],"labels":[],"metadata":[{"key":"speaker","value":"agent","pinned":true}]},{"id":115,"content":"words","tokens":["words"],"labels":[],"metadata":[{"key":"speaker","value":"customer","pinned":true}]},{"id":116,"content":"it","tokens":["it"],"labels":[],"metadata":[{"key":"speaker","value":"agent","pinned":true}]},{"id":117,"content":"in","tokens":["in"],"labels":[],"metadata":[{"key":"speaker","value":"customer","pinned":true}]},{"id":118,"content":"on","tokens":["on"],"labels":[],"metadata":[{"key":"speaker","value":"agent","pinned":true}]},{"id":119,"content":"the","tokens":["the"],"labels":[],"metadata":[{"key":"speaker","value":"customer","pinned":true}]},{"id":120,"content":"on any device it you just have to make sure that your location is turned on in this settings and if you're using your telephone i'm sorry your cell phone then you have the time okay it says off on your laptop if you're using your laptop yep yep whatever device you're using any device you have to turn off the location","tokens":["on","any","device","it","you","just","have","to","make","sure","that","your","location","is","turned","on","in","this","settings","and","if","you're","using","your","telephone","i","'m","sorry","your","cell","phone","then","you","have","the","time","okay","it","says","off","on","your","laptop","if","you're","using","your","laptop","yep","yep","whatever","device","you're","using","any","device","you","have","to","turn","off","the","location"],"labels":[],"metadata":[{"key":"speaker","value":"agent","pinned":true}]},{"id":121,"content":"aah right well i'm only gonna it was nice my my aah ipad that's the only what i'm using i'm not gonna use it i was would never use anything else so we want me to do go back to the information page","tokens":["aah","right","well","i","'m","only","gonna","it","was","nice","my","my","aah","ipad","that","'s","the","only","what","i","'m","using","i","'m","not","gonna","use","it","i","was","would","never","use","anything","else","so","we","want","me","to","do","go","back","to","the","information","page"],"labels":[],"metadata":[{"key":"speaker","value":"customer","pinned":true}]},{"id":122,"content":"you would you would go into a if you log in and use that specific mail and then you're gonna click forgot password for them to send you a new link","tokens":["you","would","you","would","go","into","a","if","you","log","in","and","use","that","specific","mail","and","then","you're","gonna","click","forgot","password","for","them","to","send","you","a","new","link"],"labels":[],"metadata":[{"key":"speaker","value":"agent","pinned":true}]},{"id":123,"content":"all right yeah okay alright","tokens":["all","right","yeah","okay","alright"],"labels":[],"metadata":[{"key":"speaker","value":"customer","pinned":true}]},{"id":124,"content":"alright","tokens":["alright"],"labels":[],"metadata":[{"key":"speaker","value":"agent","pinned":true}]},{"id":125,"content":"and","tokens":["and"],"labels":[],"metadata":[{"key":"speaker","value":"customer","pinned":true}]},{"id":126,"content":"would","tokens":["would"],"labels":[],"metadata":[{"key":"speaker","value":"agent","pinned":true}]},{"id":127,"content":"i'm","tokens":["i","'m"],"labels":[],"metadata":[{"key":"speaker","value":"customer","pinned":true}]},{"id":128,"content":"there be","tokens":["there","be"],"labels":[],"metadata":[{"key":"speaker","value":"agent","pinned":true}]},{"id":129,"content":"looking","tokens":["looking"],"labels":[],"metadata":[{"key":"speaker","value":"customer","pinned":true}]},{"id":130,"content":"anything else","tokens":["anything","else"],"labels":[],"metadata":[{"key":"speaker","value":"agent","pinned":true}]},{"id":131,"content":"at my","tokens":["at","my"],"labels":[],"metadata":[{"key":"speaker","value":"customer","pinned":true}]},{"id":132,"content":"i can assist","tokens":["i","can","assist"],"labels":[],"metadata":[{"key":"speaker","value":"agent","pinned":true}]},{"id":133,"content":"i'm looking","tokens":["i","'m","looking"],"labels":[],"metadata":[{"key":"speaker","value":"customer","pinned":true}]},{"id":134,"content":"you with","tokens":["you","with"],"labels":[],"metadata":[{"key":"speaker","value":"agent","pinned":true}]},{"id":135,"content":"at my emails that says your account has been locked then it says sievers says ports broke account information you already have a registered account meaning that i've already used will bill in the past okay all right and when it was giving bonuses too they were they used to get bonuses","tokens":["at","my","emails","that","says","your","account","has","been","locked","then","it","says","sievers","says","ports","broke","account","information","you","already","have","a","registered","account","meaning","that","i","'ve","already","used","will","bill","in","the","past","okay","all","right","and","when","it","was","giving","bonuses","too","they","were","they","used","to","get","bonuses"],"labels":[],"metadata":[{"key":"speaker","value":"customer","pinned":true}]},{"id":136,"content":"well william it see this william hill is the same sports looks at same just changed if you","tokens":["well","william","it","see","this","william","hill","is","the","same","sports","looks","at","same","just","changed","if","you"],"labels":[],"metadata":[{"key":"speaker","value":"agent","pinned":true}]},{"id":137,"content":"oh","tokens":["oh"],"labels":[],"metadata":[{"key":"speaker","value":"customer","pinned":true}]},{"id":138,"content":"already","tokens":["already"],"labels":[],"metadata":[{"key":"speaker","value":"agent","pinned":true}]},{"id":139,"content":"i got","tokens":["i","got"],"labels":[],"metadata":[{"key":"speaker","value":"customer","pinned":true}]},{"id":140,"content":"had a is it's the account the account stays the same","tokens":["had","a","is","it","'s","the","account","the","account","stays","the","same"],"labels":[],"metadata":[{"key":"speaker","value":"agent","pinned":true}]},{"id":141,"content":"aah no i do in other words so they still make the beginning this is days to get","tokens":["aah","no","i","do","in","other","words","so","they","still","make","the","beginning","this","is","days","to","get"],"labels":[],"metadata":[{"key":"speaker","value":"customer","pinned":true}]},{"id":142,"content":"aah","tokens":["aah"],"labels":[],"metadata":[{"key":"speaker","value":"agent","pinned":true}]},{"id":143,"content":"bonuses so aah we'll see all right if i use you guys we'll see what happens all right","tokens":["bonuses","so","aah","we","'ll","see","all","right","if","i","use","you","guys","we","'ll","see","what","happens","all","right"],"labels":[],"metadata":[{"key":"speaker","value":"customer","pinned":true}]},{"id":144,"content":"alright what anything else i can assist you with","tokens":["alright","what","anything","else","i","can","assist","you","with"],"labels":[],"metadata":[{"key":"speaker","value":"agent","pinned":true}]},{"id":145,"content":"no nothing else at this time okay","tokens":["no","nothing","else","at","this","time","okay"],"labels":[],"metadata":[{"key":"speaker","value":"customer","pinned":true}]},{"id":146,"content":"alright thank you for contacting the entire once again my name is keesha have avoid day","tokens":["alright","thank","you","for","contacting","the","entire","once","again","my","name","is","keesha","have","avoid","day"],"labels":[],"metadata":[{"key":"speaker","value":"agent","pinned":true}]},{"id":147,"content":"","tokens":[],"labels":[],"metadata":[{"key":"speaker","value":"","pinned":true}]}],"labelerInfo":{"id":234,"email":"dedy@datasaur.ai","displayName":"Dedy Prasetiady"},"labelSets":[{"index":0,"labelItems":[{"id":"nKL3G7BYmaZQN4dhh3Vt6","labelName":"Incorrect Phrase","parentId":null,"color":null},{"id":"H1mdmWGabDLNxk8SPDF0b","labelName":"Ambiguous Phrase","parentId":null,"color":null},{"id":"mrxXJVJd5EPCY1H0ohS7T","labelName":"DLM","parentId":null,"color":null},{"id":"fuySN6A-JXzWQtxXh8CNh","labelName":"Interaction Greeting","color":null}]},{"index":1,"labelItems":[{"id":"L_cCYcsBujUPySm0wy4KQ","labelName":"Paraphrasing​","parentId":null,"color":null},{"id":"1-gtPELa9guNa5QitLpnI","labelName":"Interaction Ownership​","parentId":null,"color":null},{"id":"3vBhgbkfAEtZSatKosMDy","labelName":"Agent Probing​","parentId":null,"color":null},{"id":"Aw8BubJsDBZC-SP9lHxet","labelName":"Offer Self Help​","parentId":null,"color":null},{"id":"MUREhm6MlSLCC7HLWx8Uf","labelName":"Offer Additional Assistance​","parentId":null,"color":null},{"id":"t1eDBMnM8Gyarze3XHeQm","labelName":"Willingness to Assist​","parentId":null,"color":null},{"id":"qMgyiEJYM60xDXeDqUqCc","labelName":"Agent Politeness​","parentId":null,"color":null},{"id":"wVFXoJmoN8cmHYC0_fhj8","labelName":"Agent Rapport​","parentId":null,"color":null},{"id":"WpkYoqBbuXbI2amo0pPSG","labelName":"Agent Inactive Listening​","parentId":null,"color":null},{"id":"jdb2pNyWCqF3aDTHhoXex","labelName":"Agent Rudeness​","parentId":null,"color":null},{"id":"MZqniESoD55qDObtTp3Vw","labelName":"Agent Empathy​","parentId":null,"color":null},{"id":"8msAkL6RrB6K6rnnGUMiH","labelName":"Lack of confidence​","parentId":null,"color":null},{"id":"dcKzZX_NCdUttfkZEOEgp","labelName":"Interaction Greeting","parentId":null,"color":null},{"id":"cOfaOEwuUym4YzDBGEvTE","labelName":"Company Name​","parentId":null,"color":null},{"id":"SN85C2rQQL98DtPtrY_o9","labelName":"Agent Introduction","parentId":null,"color":null},{"id":"oekwyozExuTAolGMj6eTp","labelName":"Customer Introduction","parentId":null,"color":null},{"id":"dJMP6jGn1h27cxYQZfMzE","labelName":"Authenticate Customer​","parentId":null,"color":null},{"id":"Uy6yZAw88I-zz0dre74kl","labelName":"Required Disclosures​","parentId":null,"color":null},{"id":"8s78v7LXjYOUAu4vfTEu4","labelName":"Agent Profanity","parentId":null,"color":null},{"id":"3SgZnfV2btw_IbSXPYhWa","labelName":"Conversation Recap","parentId":null,"color":null},{"id":"5njAKstgXlOJQgcy3__-j","labelName":"Agent Verify Resolution","parentId":null,"color":null},{"id":"pxXwUOtFQTkagE1O3DIT4","labelName":"Interaction Closing","parentId":null,"color":null}]},{"index":2,"labelItems":[{"id":"42mfNS7cP9VP53E2U-1FW","labelName":"What is the caller looking for?","parentId":null,"color":null}]}],"labels":[],"comments":[]}
