{"sentences":[{"id":0,"content":"p can i do","tokens":["p","can","i","do"],"labels":[],"metadata":[{"key":"speaker","value":"customer","pinned":true}]},{"id":1,"content":"thank you for","tokens":["thank","you","for"],"labels":[],"metadata":[{"key":"speaker","value":"agent","pinned":true}]},{"id":2,"content":"all","tokens":["all"],"labels":[],"metadata":[{"key":"speaker","value":"customer","pinned":true}]},{"id":3,"content":"calling","tokens":["calling"],"labels":[],"metadata":[{"key":"speaker","value":"agent","pinned":true}]},{"id":4,"content":"this","tokens":["this"],"labels":[],"metadata":[{"key":"speaker","value":"customer","pinned":true}]},{"id":5,"content":"in time my name is tamika how can i assist you okay","tokens":["in","time","my","name","is","tamika","how","can","i","assist","you","okay"],"labels":[],"metadata":[{"key":"speaker","value":"agent","pinned":true}]},{"id":6,"content":"hi how you doing all aah i want to be back in on february to aah thank you for still and aah i just to receive an email from y'all saying that aah the state guys my wages and","tokens":["hi","how","you","doing","all","aah","i","want","to","be","back","in","on","february","to","aah","thank","you","for","still","and","aah","i","just","to","receive","an","email","from","y'all","saying","that","aah","the","state","guys","my","wages","and"],"labels":[],"metadata":[{"key":"speaker","value":"customer","pinned":true}]},{"id":7,"content":"mm","tokens":["mm"],"labels":[],"metadata":[{"key":"speaker","value":"agent","pinned":true}]},{"id":8,"content":"aah i contact state aah i'm located in and they tell me did they don't see anything about it glitch ways onery","tokens":["aah","i","contact","state","aah","i","'m","located","in","and","they","tell","me","did","they","do","n't","see","anything","about","it","glitch","ways","onery"],"labels":[],"metadata":[{"key":"speaker","value":"customer","pinned":true}]},{"id":9,"content":"okay what state are you in","tokens":["okay","what","state","are","you","in"],"labels":[],"metadata":[{"key":"speaker","value":"agent","pinned":true}]},{"id":10,"content":"so we yeah","tokens":["so","we","yeah"],"labels":[],"metadata":[{"key":"speaker","value":"customer","pinned":true}]},{"id":11,"content":"and what's the phone number listed the account","tokens":["and","what","'s","the","phone","number","listed","the","account"],"labels":[],"metadata":[{"key":"speaker","value":"agent","pinned":true}]},{"id":12,"content":"three one eight five five g eight zero four seven","tokens":["three","one","eight","five","five","g","eight","zero","four","seven"],"labels":[],"metadata":[{"key":"speaker","value":"customer","pinned":true}]},{"id":13,"content":"and can you verify your mother's may name a favor fourteen","tokens":["and","can","you","verify","your","mother","'s","may","name","a","favor","fourteen"],"labels":[],"metadata":[{"key":"speaker","value":"agent","pinned":true}]},{"id":14,"content":"and the green back pack","tokens":["and","the","green","back","pack"],"labels":[],"metadata":[{"key":"speaker","value":"customer","pinned":true}]},{"id":15,"content":"okay aah let me do i need you to speak to monticella","tokens":["okay","aah","let","me","do","i","need","you","to","speak","to","monticella"],"labels":[],"metadata":[{"key":"speaker","value":"agent","pinned":true}]},{"id":16,"content":"huh okay nope yep yeah okay well we now see the contact the state what is that okay yeah","tokens":["huh","okay","nope","yep","yeah","okay","well","we","now","see","the","contact","the","state","what","is","that","okay","yeah"],"labels":[],"metadata":[{"key":"speaker","value":"customer","pinned":true}]},{"id":17,"content":"so when you spoke to somebody the r issue i spoke to","tokens":["so","when","you","spoke","to","somebody","the","r","issue","i","spoke","to"],"labels":[],"metadata":[{"key":"speaker","value":"agent","pinned":true}]},{"id":18,"content":"yeah the speed just sort stay louisiana yet that that's what the text message i email that y'all sent to you this is i see that the state took the money at all the lady that 'cause she told me to contact the state","tokens":["yeah","the","speed","just","sort","stay","louisiana","yet","that","that","'s","what","the","text","message","i","email","that","y'all","sent","to","you","this","is","i","see","that","the","state","took","the","money","at","all","the","lady","that","'","cause","she","told","me","to","contact","the","state"],"labels":[],"metadata":[{"key":"speaker","value":"customer","pinned":true}]},{"id":19,"content":"okay alright so i have to send the email to our payment team assign now that way what happened","tokens":["okay","alright","so","i","have","to","send","the","email","to","our","payment","team","assign","now","that","way","what","happened"],"labels":[],"metadata":[{"key":"speaker","value":"agent","pinned":true}]},{"id":20,"content":"so do i aah so can i call they just to get an email from now to see it y'all are y'all take molly","tokens":["so","do","i","aah","so","can","i","call","they","just","to","get","an","email","from","now","to","see","it","y'all","are","y'all","take","molly"],"labels":[],"metadata":[{"key":"speaker","value":"customer","pinned":true}]},{"id":21,"content":"yeah please do you get an email from call aah go ahead and do that nothing gave you a phone number to text it to","tokens":["yeah","please","do","you","get","an","email","from","call","aah","go","ahead","and","do","that","nothing","gave","you","a","phone","number","to","text","it","to"],"labels":[],"metadata":[{"key":"speaker","value":"agent","pinned":true}]},{"id":22,"content":"oh so aah whenever you're ready","tokens":["oh","so","aah","whenever","you're","ready"],"labels":[],"metadata":[{"key":"speaker","value":"customer","pinned":true}]},{"id":23,"content":"okay then i'm gonna seven o two eight","tokens":["okay","then","i","'m","gonna","seven","o","two","eight"],"labels":[],"metadata":[{"key":"speaker","value":"agent","pinned":true}]},{"id":24,"content":"well","tokens":["well"],"labels":[],"metadata":[{"key":"speaker","value":"customer","pinned":true}]},{"id":25,"content":"two seven","tokens":["two","seven"],"labels":[],"metadata":[{"key":"speaker","value":"agent","pinned":true}]},{"id":26,"content":"aah","tokens":["aah"],"labels":[],"metadata":[{"key":"speaker","value":"customer","pinned":true}]},{"id":27,"content":"four one seven one and then once she text you just call us and then we can look at it","tokens":["four","one","seven","one","and","then","once","she","text","you","just","call","us","and","then","we","can","look","at","it"],"labels":[],"metadata":[{"key":"speaker","value":"agent","pinned":true}]},{"id":28,"content":"okay okay but we're looking at my yahoo right","tokens":["okay","okay","but","we","'re","looking","at","my","yahoo","right"],"labels":[],"metadata":[{"key":"speaker","value":"customer","pinned":true}]},{"id":29,"content":"yeah i'm sending that aah most of the payment","tokens":["yeah","i","'m","sending","that","aah","most","of","the","payment"],"labels":[],"metadata":[{"key":"speaker","value":"agent","pinned":true}]},{"id":30,"content":"okay","tokens":["okay"],"labels":[],"metadata":[{"key":"speaker","value":"customer","pinned":true}]},{"id":31,"content":"team right now look into it","tokens":["team","right","now","look","into","it"],"labels":[],"metadata":[{"key":"speaker","value":"agent","pinned":true}]},{"id":32,"content":"okay okay","tokens":["okay","okay"],"labels":[],"metadata":[{"key":"speaker","value":"customer","pinned":true}]},{"id":33,"content":"okay","tokens":["okay"],"labels":[],"metadata":[{"key":"speaker","value":"agent","pinned":true}]},{"id":34,"content":"okay okay","tokens":["okay","okay"],"labels":[],"metadata":[{"key":"speaker","value":"customer","pinned":true}]},{"id":35,"content":"all right well","tokens":["all","right","well"],"labels":[],"metadata":[{"key":"speaker","value":"agent","pinned":true}]},{"id":36,"content":"so","tokens":["so"],"labels":[],"metadata":[{"key":"speaker","value":"customer","pinned":true}]},{"id":37,"content":"he's anything","tokens":["he","'s","anything"],"labels":[],"metadata":[{"key":"speaker","value":"agent","pinned":true}]},{"id":38,"content":"no i i do tryin' to see 'cause like i said and they said the state so i'm just tryna i said i called her like i've just trying to use","tokens":["no","i","i","do","tryin'","to","see","'","cause","like","i","said","and","they","said","the","state","so","i","'m","just","tryna","i","said","i","called","her","like","i","'ve","just","trying","to","use"],"labels":[],"metadata":[{"key":"speaker","value":"customer","pinned":true}]},{"id":39,"content":"yeah","tokens":["yeah"],"labels":[],"metadata":[{"key":"speaker","value":"agent","pinned":true}]},{"id":40,"content":"them","tokens":["them"],"labels":[],"metadata":[{"key":"speaker","value":"customer","pinned":true}]},{"id":41,"content":"just send send aah that information to the text line where you sent it just call whenever you do get a chance to do it for that way we can send the information to them to","tokens":["just","send","send","aah","that","information","to","the","text","line","where","you","sent","it","just","call","whenever","you","do","get","a","chance","to","do","it","for","that","way","we","can","send","the","information","to","them","to"],"labels":[],"metadata":[{"key":"speaker","value":"agent","pinned":true}]},{"id":42,"content":"oh so you like the when i send it take to the number that you provided me it'll it'll come with y'all so i'm not seeing an account okay thank you appreciate it","tokens":["oh","so","you","like","the","when","i","send","it","take","to","the","number","that","you","provided","me","it","'ll","it","'ll","come","with","y'all","so","i","'m","not","seeing","an","account","okay","thank","you","appreciate","it"],"labels":[],"metadata":[{"key":"speaker","value":"customer","pinned":true}]},{"id":43,"content":"all right no problem thank you for calling and if i were you have a great day","tokens":["all","right","no","problem","thank","you","for","calling","and","if","i","were","you","have","a","great","day"],"labels":[],"metadata":[{"key":"speaker","value":"agent","pinned":true}]},{"id":44,"content":"right","tokens":["right"],"labels":[],"metadata":[{"key":"speaker","value":"customer","pinned":true}]},{"id":45,"content":"","tokens":[],"labels":[],"metadata":[{"key":"speaker","value":"","pinned":true}]}],"labelerInfo":{"id":234,"email":"dedy@datasaur.ai","displayName":"Dedy Prasetiady"},"labelSets":[{"index":0,"labelItems":[{"id":"nKL3G7BYmaZQN4dhh3Vt6","labelName":"Incorrect Phrase","parentId":null,"color":null},{"id":"H1mdmWGabDLNxk8SPDF0b","labelName":"Ambiguous Phrase","parentId":null,"color":null},{"id":"mrxXJVJd5EPCY1H0ohS7T","labelName":"DLM","parentId":null,"color":null},{"id":"fuySN6A-JXzWQtxXh8CNh","labelName":"Interaction Greeting","color":null}]},{"index":1,"labelItems":[{"id":"L_cCYcsBujUPySm0wy4KQ","labelName":"Paraphrasing​","parentId":null,"color":null},{"id":"1-gtPELa9guNa5QitLpnI","labelName":"Interaction Ownership​","parentId":null,"color":null},{"id":"3vBhgbkfAEtZSatKosMDy","labelName":"Agent Probing​","parentId":null,"color":null},{"id":"Aw8BubJsDBZC-SP9lHxet","labelName":"Offer Self Help​","parentId":null,"color":null},{"id":"MUREhm6MlSLCC7HLWx8Uf","labelName":"Offer Additional Assistance​","parentId":null,"color":null},{"id":"t1eDBMnM8Gyarze3XHeQm","labelName":"Willingness to Assist​","parentId":null,"color":null},{"id":"qMgyiEJYM60xDXeDqUqCc","labelName":"Agent Politeness​","parentId":null,"color":null},{"id":"wVFXoJmoN8cmHYC0_fhj8","labelName":"Agent Rapport​","parentId":null,"color":null},{"id":"WpkYoqBbuXbI2amo0pPSG","labelName":"Agent Inactive Listening​","parentId":null,"color":null},{"id":"jdb2pNyWCqF3aDTHhoXex","labelName":"Agent Rudeness​","parentId":null,"color":null},{"id":"MZqniESoD55qDObtTp3Vw","labelName":"Agent Empathy​","parentId":null,"color":null},{"id":"8msAkL6RrB6K6rnnGUMiH","labelName":"Lack of confidence​","parentId":null,"color":null},{"id":"dcKzZX_NCdUttfkZEOEgp","labelName":"Interaction Greeting","parentId":null,"color":null},{"id":"cOfaOEwuUym4YzDBGEvTE","labelName":"Company Name​","parentId":null,"color":null},{"id":"SN85C2rQQL98DtPtrY_o9","labelName":"Agent Introduction","parentId":null,"color":null},{"id":"oekwyozExuTAolGMj6eTp","labelName":"Customer Introduction","parentId":null,"color":null},{"id":"dJMP6jGn1h27cxYQZfMzE","labelName":"Authenticate Customer​","parentId":null,"color":null},{"id":"Uy6yZAw88I-zz0dre74kl","labelName":"Required Disclosures​","parentId":null,"color":null},{"id":"8s78v7LXjYOUAu4vfTEu4","labelName":"Agent Profanity","parentId":null,"color":null},{"id":"3SgZnfV2btw_IbSXPYhWa","labelName":"Conversation Recap","parentId":null,"color":null},{"id":"5njAKstgXlOJQgcy3__-j","labelName":"Agent Verify Resolution","parentId":null,"color":null},{"id":"pxXwUOtFQTkagE1O3DIT4","labelName":"Interaction Closing","parentId":null,"color":null}]},{"index":2,"labelItems":[{"id":"42mfNS7cP9VP53E2U-1FW","labelName":"What is the caller looking for?","parentId":null,"color":null}]}],"labels":[],"comments":[]}
