{"sentences":[{"id":0,"content":"you for calling the entire my name is sherry how may i assist you","tokens":["you","for","calling","the","entire","my","name","is","sherry","how","may","i","assist","you"],"labels":[],"metadata":[{"key":"speaker","value":"agent","pinned":true}]},{"id":1,"content":"hi sherry i signed up for seizures and aah i a deposit of thirty dollars and then it's asked to download the app and then i download the app and it and find","tokens":["hi","sherry","i","signed","up","for","seizures","and","aah","i","a","deposit","of","thirty","dollars","and","then","it","'s","asked","to","download","the","app","and","then","i","download","the","app","and","it","and","find"],"labels":[],"metadata":[{"key":"speaker","value":"customer","pinned":true}]},{"id":2,"content":"aah","tokens":["aah"],"labels":[],"metadata":[{"key":"speaker","value":"agent","pinned":true}]},{"id":3,"content":"aah any of my information i","tokens":["aah","any","of","my","information","i"],"labels":[],"metadata":[{"key":"speaker","value":"customer","pinned":true}]},{"id":4,"content":"okay","tokens":["okay"],"labels":[],"metadata":[{"key":"speaker","value":"agent","pinned":true}]},{"id":5,"content":"my apple i d i put my aah email address","tokens":["my","apple","i","d","i","put","my","aah","email","address"],"labels":[],"metadata":[{"key":"speaker","value":"customer","pinned":true}]},{"id":6,"content":"oh no","tokens":["oh","no"],"labels":[],"metadata":[{"key":"speaker","value":"agent","pinned":true}]},{"id":7,"content":"it said i i i didn't register right you have an email from you guys saying the deposit that and i signed up and all that stuff","tokens":["it","said","i","i","i","did","n't","register","right","you","have","an","email","from","you","guys","saying","the","deposit","that","and","i","signed","up","and","all","that","stuff"],"labels":[],"metadata":[{"key":"speaker","value":"customer","pinned":true}]},{"id":8,"content":"well what i mean no we should telephone number associated with your account","tokens":["well","what","i","mean","no","we","should","telephone","number","associated","with","your","account"],"labels":[],"metadata":[{"key":"speaker","value":"agent","pinned":true}]},{"id":9,"content":"six one zero five one five five five three eight","tokens":["six","one","zero","five","one","five","five","five","three","eight"],"labels":[],"metadata":[{"key":"speaker","value":"customer","pinned":true}]},{"id":10,"content":"aah now just one moment i apologize something else i i have the security is yes sir i don't know i mean i that i now just one moment","tokens":["aah","now","just","one","moment","i","apologize","something","else","i","i","have","the","security","is","yes","sir","i","do","n't","know","i","mean","i","that","i","now","just","one","moment"],"labels":[],"metadata":[{"key":"speaker","value":"agent","pinned":true}]},{"id":11,"content":"sure sure","tokens":["sure","sure"],"labels":[],"metadata":[{"key":"speaker","value":"customer","pinned":true}]},{"id":12,"content":"you're you're back on and what state is again","tokens":["you're","you're","back","on","and","what","state","is","again"],"labels":[],"metadata":[{"key":"speaker","value":"agent","pinned":true}]},{"id":13,"content":"aah i so i i thought i was trying to the new","tokens":["aah","i","so","i","i","thought","i","was","trying","to","the","new"],"labels":[],"metadata":[{"key":"speaker","value":"customer","pinned":true}]},{"id":14,"content":"the","tokens":["the"],"labels":[],"metadata":[{"key":"speaker","value":"agent","pinned":true}]},{"id":15,"content":"jersey one","tokens":["jersey","one"],"labels":[],"metadata":[{"key":"speaker","value":"customer","pinned":true}]},{"id":16,"content":"same","tokens":["same"],"labels":[],"metadata":[{"key":"speaker","value":"agent","pinned":true}]},{"id":17,"content":"but the here i an email from aah it says aah it says aah","tokens":["but","the","here","i","an","email","from","aah","it","says","aah","it","says","aah"],"labels":[],"metadata":[{"key":"speaker","value":"customer","pinned":true}]},{"id":18,"content":"your","tokens":["your"],"labels":[],"metadata":[{"key":"speaker","value":"agent","pinned":true}]},{"id":19,"content":"there is on that","tokens":["there","is","on","that"],"labels":[],"metadata":[{"key":"speaker","value":"customer","pinned":true}]},{"id":20,"content":"oh boy have","tokens":["oh","boy","have"],"labels":[],"metadata":[{"key":"speaker","value":"agent","pinned":true}]},{"id":21,"content":"i","tokens":["i"],"labels":[],"metadata":[{"key":"speaker","value":"customer","pinned":true}]},{"id":22,"content":"you","tokens":["you"],"labels":[],"metadata":[{"key":"speaker","value":"agent","pinned":true}]},{"id":23,"content":"just","tokens":["just"],"labels":[],"metadata":[{"key":"speaker","value":"customer","pinned":true}]},{"id":24,"content":"ever been to have you ever been a error zona","tokens":["ever","been","to","have","you","ever","been","a","error","zona"],"labels":[],"metadata":[{"key":"speaker","value":"agent","pinned":true}]},{"id":25,"content":"no no forever","tokens":["no","no","forever"],"labels":[],"metadata":[{"key":"speaker","value":"customer","pinned":true}]},{"id":26,"content":"friday","tokens":["friday"],"labels":[],"metadata":[{"key":"speaker","value":"agent","pinned":true}]},{"id":27,"content":"i aah aah","tokens":["i","aah","aah"],"labels":[],"metadata":[{"key":"speaker","value":"customer","pinned":true}]},{"id":28,"content":"that's","tokens":["that","'s"],"labels":[],"metadata":[{"key":"speaker","value":"agent","pinned":true}]},{"id":29,"content":"i just want the o i deposit line thirty dollars that much for that aah","tokens":["i","just","want","the","o","i","deposit","line","thirty","dollars","that","much","for","that","aah"],"labels":[],"metadata":[{"key":"speaker","value":"customer","pinned":true}]},{"id":30,"content":"that is or whatever","tokens":["that","is","or","whatever"],"labels":[],"metadata":[{"key":"speaker","value":"agent","pinned":true}]},{"id":31,"content":"i just want to which how","tokens":["i","just","want","to","which","how"],"labels":[],"metadata":[{"key":"speaker","value":"customer","pinned":true}]},{"id":32,"content":"four seven two","tokens":["four","seven","two"],"labels":[],"metadata":[{"key":"speaker","value":"agent","pinned":true}]},{"id":33,"content":"how can i would try that money","tokens":["how","can","i","would","try","that","money"],"labels":[],"metadata":[{"key":"speaker","value":"customer","pinned":true}]},{"id":34,"content":"aah aah do you know your you know your password everything","tokens":["aah","aah","do","you","know","your","you","know","your","password","everything"],"labels":[],"metadata":[{"key":"speaker","value":"agent","pinned":true}]},{"id":35,"content":"yeah i know the password","tokens":["yeah","i","know","the","password"],"labels":[],"metadata":[{"key":"speaker","value":"customer","pinned":true}]},{"id":36,"content":"okay","tokens":["okay"],"labels":[],"metadata":[{"key":"speaker","value":"agent","pinned":true}]},{"id":37,"content":"but what i'm trying to see what","tokens":["but","what","i","'m","trying","to","see","what"],"labels":[],"metadata":[{"key":"speaker","value":"customer","pinned":true}]},{"id":38,"content":"you","tokens":["you"],"labels":[],"metadata":[{"key":"speaker","value":"agent","pinned":true}]},{"id":39,"content":"i tried","tokens":["i","tried"],"labels":[],"metadata":[{"key":"speaker","value":"customer","pinned":true}]},{"id":40,"content":"could","tokens":["could"],"labels":[],"metadata":[{"key":"speaker","value":"agent","pinned":true}]},{"id":41,"content":"to sign up go ahead","tokens":["to","sign","up","go","ahead"],"labels":[],"metadata":[{"key":"speaker","value":"customer","pinned":true}]},{"id":42,"content":"to get the money out because you can't do anything in arizona what you would have to do i want you to try this go into your account don't look at it need that so promotions or anything just just go to withdrawal and see you can get it out","tokens":["to","get","the","money","out","because","you","ca","n't","do","anything","in","arizona","what","you","would","have","to","do","i","want","you","to","try","this","go","into","your","account","do","n't","look","at","it","need","that","so","promotions","or","anything","just","just","go","to","withdrawal","and","see","you","can","get","it","out"],"labels":[],"metadata":[{"key":"speaker","value":"agent","pinned":true}]},{"id":43,"content":"well i can't even log in","tokens":["well","i","ca","n't","even","log","in"],"labels":[],"metadata":[{"key":"speaker","value":"customer","pinned":true}]},{"id":44,"content":"well that's a different story then okay we to handle list differently","tokens":["well","that","'s","a","different","story","then","okay","we","to","handle","list","differently"],"labels":[],"metadata":[{"key":"speaker","value":"agent","pinned":true}]},{"id":45,"content":"yeah","tokens":["yeah"],"labels":[],"metadata":[{"key":"speaker","value":"customer","pinned":true}]},{"id":46,"content":"consider probably road and you live in new jersey","tokens":["consider","probably","road","and","you","live","in","new","jersey"],"labels":[],"metadata":[{"key":"speaker","value":"agent","pinned":true}]},{"id":47,"content":"no i live in this but i go","tokens":["no","i","live","in","this","but","i","go"],"labels":[],"metadata":[{"key":"speaker","value":"customer","pinned":true}]},{"id":48,"content":"like","tokens":["like"],"labels":[],"metadata":[{"key":"speaker","value":"agent","pinned":true}]},{"id":49,"content":"to the new jersey often so i i would be able to bed there","tokens":["to","the","new","jersey","often","so","i","i","would","be","able","to","bed","there"],"labels":[],"metadata":[{"key":"speaker","value":"customer","pinned":true}]},{"id":50,"content":"you'll be","tokens":["you","'ll","be"],"labels":[],"metadata":[{"key":"speaker","value":"agent","pinned":true}]},{"id":51,"content":"i put i put","tokens":["i","put","i","put"],"labels":[],"metadata":[{"key":"speaker","value":"customer","pinned":true}]},{"id":52,"content":"it","tokens":["it"],"labels":[],"metadata":[{"key":"speaker","value":"agent","pinned":true}]},{"id":53,"content":"on my information in","tokens":["on","my","information","in"],"labels":[],"metadata":[{"key":"speaker","value":"customer","pinned":true}]},{"id":54,"content":"no i mean the only thing is i can't see any information in error sona or","tokens":["no","i","mean","the","only","thing","is","i","ca","n't","see","any","information","in","error","sona","or"],"labels":[],"metadata":[{"key":"speaker","value":"agent","pinned":true}]},{"id":55,"content":"okay","tokens":["okay"],"labels":[],"metadata":[{"key":"speaker","value":"customer","pinned":true}]},{"id":56,"content":"or p a now this is what i would have to escalate it to payments and they would have to mail you a check","tokens":["or","p","a","now","this","is","what","i","would","have","to","escalate","it","to","payments","and","they","would","have","to","mail","you","a","check"],"labels":[],"metadata":[{"key":"speaker","value":"agent","pinned":true}]},{"id":57,"content":"that's fine","tokens":["that","'s","fine"],"labels":[],"metadata":[{"key":"speaker","value":"customer","pinned":true}]},{"id":58,"content":"alright i have your first me i have to write it down so","tokens":["alright","i","have","your","first","me","i","have","to","write","it","down","so"],"labels":[],"metadata":[{"key":"speaker","value":"agent","pinned":true}]},{"id":59,"content":"sure","tokens":["sure"],"labels":[],"metadata":[{"key":"speaker","value":"customer","pinned":true}]},{"id":60,"content":"don't go","tokens":["do","n't","go"],"labels":[],"metadata":[{"key":"speaker","value":"agent","pinned":true}]},{"id":61,"content":"sure","tokens":["sure"],"labels":[],"metadata":[{"key":"speaker","value":"customer","pinned":true}]},{"id":62,"content":"too fast","tokens":["too","fast"],"labels":[],"metadata":[{"key":"speaker","value":"agent","pinned":true}]},{"id":63,"content":"okay aah","tokens":["okay","aah"],"labels":[],"metadata":[{"key":"speaker","value":"customer","pinned":true}]},{"id":64,"content":"what","tokens":["what"],"labels":[],"metadata":[{"key":"speaker","value":"agent","pinned":true}]},{"id":65,"content":"david","tokens":["david"],"labels":[],"metadata":[{"key":"speaker","value":"customer","pinned":true}]},{"id":66,"content":"we sit there okay last","tokens":["we","sit","there","okay","last"],"labels":[],"metadata":[{"key":"speaker","value":"agent","pinned":true}]},{"id":67,"content":"i","tokens":["i"],"labels":[],"metadata":[{"key":"speaker","value":"customer","pinned":true}]},{"id":68,"content":"name","tokens":["name"],"labels":[],"metadata":[{"key":"speaker","value":"agent","pinned":true}]},{"id":69,"content":"just just send code j a c i n t o","tokens":["just","just","send","code","j","a","c","i","n","t","o"],"labels":[],"metadata":[{"key":"speaker","value":"customer","pinned":true}]},{"id":70,"content":"yeah that's what we see and you're i got you tell phone number just","tokens":["yeah","that","'s","what","we","see","and","you're","i","got","you","tell","phone","number","just"],"labels":[],"metadata":[{"key":"speaker","value":"agent","pinned":true}]},{"id":71,"content":"okay","tokens":["okay"],"labels":[],"metadata":[{"key":"speaker","value":"customer","pinned":true}]},{"id":72,"content":"one you said six ten five one five five five three eight","tokens":["one","you","said","six","ten","five","one","five","five","five","three","eight"],"labels":[],"metadata":[{"key":"speaker","value":"agent","pinned":true}]},{"id":73,"content":"yes","tokens":["yes"],"labels":[],"metadata":[{"key":"speaker","value":"customer","pinned":true}]},{"id":74,"content":"okay how about your address","tokens":["okay","how","about","your","address"],"labels":[],"metadata":[{"key":"speaker","value":"agent","pinned":true}]},{"id":75,"content":"aah twenty eight ten","tokens":["aah","twenty","eight","ten"],"labels":[],"metadata":[{"key":"speaker","value":"customer","pinned":true}]},{"id":76,"content":"no","tokens":["no"],"labels":[],"metadata":[{"key":"speaker","value":"agent","pinned":true}]},{"id":77,"content":"seventh street that's for","tokens":["seventh","street","that","'s","for"],"labels":[],"metadata":[{"key":"speaker","value":"customer","pinned":true}]},{"id":78,"content":"twenty","tokens":["twenty"],"labels":[],"metadata":[{"key":"speaker","value":"agent","pinned":true}]},{"id":79,"content":"him but i got the but the i i have two addresses aah so i but the other one that let me put that let me give you the other address because that so when i i i signed up with aah aah aah eight twenty one laufer street so it's","tokens":["him","but","i","got","the","but","the","i","i","have","two","addresses","aah","so","i","but","the","other","one","that","let","me","put","that","let","me","give","you","the","other","address","because","that","so","when","i","i","i","signed","up","with","aah","aah","aah","eight","twenty","one","laufer","street","so","it","'s"],"labels":[],"metadata":[{"key":"speaker","value":"customer","pinned":true}]},{"id":80,"content":"eight","tokens":["eight"],"labels":[],"metadata":[{"key":"speaker","value":"agent","pinned":true}]},{"id":81,"content":"a l a u s e r","tokens":["a","l","a","u","s","e","r"],"labels":[],"metadata":[{"key":"speaker","value":"customer","pinned":true}]},{"id":82,"content":"what and what city","tokens":["what","and","what","city"],"labels":[],"metadata":[{"key":"speaker","value":"agent","pinned":true}]},{"id":83,"content":"aah best let him","tokens":["aah","best","let","him"],"labels":[],"metadata":[{"key":"speaker","value":"customer","pinned":true}]},{"id":84,"content":"i never needed a","tokens":["i","never","needed","a"],"labels":[],"metadata":[{"key":"speaker","value":"agent","pinned":true}]},{"id":85,"content":"pennsylvania","tokens":["pennsylvania"],"labels":[],"metadata":[{"key":"speaker","value":"customer","pinned":true}]},{"id":86,"content":"okay zip code","tokens":["okay","zip","code"],"labels":[],"metadata":[{"key":"speaker","value":"agent","pinned":true}]},{"id":87,"content":"eighteen","tokens":["eighteen"],"labels":[],"metadata":[{"key":"speaker","value":"customer","pinned":true}]},{"id":88,"content":"aah","tokens":["aah"],"labels":[],"metadata":[{"key":"speaker","value":"agent","pinned":true}]},{"id":89,"content":"o fifteen","tokens":["o","fifteen"],"labels":[],"metadata":[{"key":"speaker","value":"customer","pinned":true}]},{"id":90,"content":"thank you email address","tokens":["thank","you","email","address"],"labels":[],"metadata":[{"key":"speaker","value":"agent","pinned":true}]},{"id":91,"content":"aah off the account seven gmail dot com","tokens":["aah","off","the","account","seven","gmail","dot","com"],"labels":[],"metadata":[{"key":"speaker","value":"customer","pinned":true}]},{"id":92,"content":"okay let's see if it is there anything else like don't i think we're good and what i'm going to do is escalated to pay cents and then they'll send you will check that once","tokens":["okay","let","'s","see","if","it","is","there","anything","else","like","do","n't","i","think","we","'re","good","and","what","i","'m","going","to","do","is","escalated","to","pay","cents","and","then","they","'ll","send","you","will","check","that","once"],"labels":[],"metadata":[{"key":"speaker","value":"agent","pinned":true}]},{"id":93,"content":"okay","tokens":["okay"],"labels":[],"metadata":[{"key":"speaker","value":"customer","pinned":true}]},{"id":94,"content":"you once you get the check don't close to your account","tokens":["you","once","you","get","the","check","do","n't","close","to","your","account"],"labels":[],"metadata":[{"key":"speaker","value":"agent","pinned":true}]},{"id":95,"content":"okay okay and aah is it you should have been this is gonna","tokens":["okay","okay","and","aah","is","it","you","should","have","been","this","is","gonna"],"labels":[],"metadata":[{"key":"speaker","value":"customer","pinned":true}]},{"id":96,"content":"my","tokens":["my"],"labels":[],"metadata":[{"key":"speaker","value":"agent","pinned":true}]},{"id":97,"content":"work","tokens":["work"],"labels":[],"metadata":[{"key":"speaker","value":"customer","pinned":true}]},{"id":98,"content":"work now that's yeah cause i did one yesterday happens","tokens":["work","now","that","'s","yeah","cause","i","did","one","yesterday","happens"],"labels":[],"metadata":[{"key":"speaker","value":"agent","pinned":true}]},{"id":99,"content":"okay","tokens":["okay"],"labels":[],"metadata":[{"key":"speaker","value":"customer","pinned":true}]},{"id":100,"content":"all the time","tokens":["all","the","time"],"labels":[],"metadata":[{"key":"speaker","value":"agent","pinned":true}]},{"id":101,"content":"okay okay okay all right","tokens":["okay","okay","okay","all","right"],"labels":[],"metadata":[{"key":"speaker","value":"customer","pinned":true}]},{"id":102,"content":"yeah","tokens":["yeah"],"labels":[],"metadata":[{"key":"speaker","value":"agent","pinned":true}]},{"id":103,"content":"wonderful you're very much","tokens":["wonderful","you're","very","much"],"labels":[],"metadata":[{"key":"speaker","value":"customer","pinned":true}]},{"id":104,"content":"and","tokens":["and"],"labels":[],"metadata":[{"key":"speaker","value":"agent","pinned":true}]},{"id":105,"content":"thank you","tokens":["thank","you"],"labels":[],"metadata":[{"key":"speaker","value":"customer","pinned":true}]},{"id":106,"content":"you you're welcome and i'll send you an email when everything is completed","tokens":["you","you're","welcome","and","i","'ll","send","you","an","email","when","everything","is","completed"],"labels":[],"metadata":[{"key":"speaker","value":"agent","pinned":true}]},{"id":107,"content":"okay thank you","tokens":["okay","thank","you"],"labels":[],"metadata":[{"key":"speaker","value":"customer","pinned":true}]},{"id":108,"content":"have a great day","tokens":["have","a","great","day"],"labels":[],"metadata":[{"key":"speaker","value":"agent","pinned":true}]},{"id":109,"content":"alright bye","tokens":["alright","bye"],"labels":[],"metadata":[{"key":"speaker","value":"customer","pinned":true}]},{"id":110,"content":"","tokens":[],"labels":[],"metadata":[{"key":"speaker","value":"","pinned":true}]}],"labelerInfo":{"id":234,"email":"dedy@datasaur.ai","displayName":"Dedy Prasetiady"},"labelSets":[{"index":0,"labelItems":[{"id":"nKL3G7BYmaZQN4dhh3Vt6","labelName":"Incorrect Phrase","parentId":null,"color":null},{"id":"H1mdmWGabDLNxk8SPDF0b","labelName":"Ambiguous Phrase","parentId":null,"color":null},{"id":"mrxXJVJd5EPCY1H0ohS7T","labelName":"DLM","parentId":null,"color":null},{"id":"fuySN6A-JXzWQtxXh8CNh","labelName":"Interaction Greeting","color":null}]},{"index":1,"labelItems":[{"id":"L_cCYcsBujUPySm0wy4KQ","labelName":"Paraphrasing​","parentId":null,"color":null},{"id":"1-gtPELa9guNa5QitLpnI","labelName":"Interaction Ownership​","parentId":null,"color":null},{"id":"3vBhgbkfAEtZSatKosMDy","labelName":"Agent Probing​","parentId":null,"color":null},{"id":"Aw8BubJsDBZC-SP9lHxet","labelName":"Offer Self Help​","parentId":null,"color":null},{"id":"MUREhm6MlSLCC7HLWx8Uf","labelName":"Offer Additional Assistance​","parentId":null,"color":null},{"id":"t1eDBMnM8Gyarze3XHeQm","labelName":"Willingness to Assist​","parentId":null,"color":null},{"id":"qMgyiEJYM60xDXeDqUqCc","labelName":"Agent Politeness​","parentId":null,"color":null},{"id":"wVFXoJmoN8cmHYC0_fhj8","labelName":"Agent Rapport​","parentId":null,"color":null},{"id":"WpkYoqBbuXbI2amo0pPSG","labelName":"Agent Inactive Listening​","parentId":null,"color":null},{"id":"jdb2pNyWCqF3aDTHhoXex","labelName":"Agent Rudeness​","parentId":null,"color":null},{"id":"MZqniESoD55qDObtTp3Vw","labelName":"Agent Empathy​","parentId":null,"color":null},{"id":"8msAkL6RrB6K6rnnGUMiH","labelName":"Lack of confidence​","parentId":null,"color":null},{"id":"dcKzZX_NCdUttfkZEOEgp","labelName":"Interaction Greeting","parentId":null,"color":null},{"id":"cOfaOEwuUym4YzDBGEvTE","labelName":"Company Name​","parentId":null,"color":null},{"id":"SN85C2rQQL98DtPtrY_o9","labelName":"Agent Introduction","parentId":null,"color":null},{"id":"oekwyozExuTAolGMj6eTp","labelName":"Customer Introduction","parentId":null,"color":null},{"id":"dJMP6jGn1h27cxYQZfMzE","labelName":"Authenticate Customer​","parentId":null,"color":null},{"id":"Uy6yZAw88I-zz0dre74kl","labelName":"Required Disclosures​","parentId":null,"color":null},{"id":"8s78v7LXjYOUAu4vfTEu4","labelName":"Agent Profanity","parentId":null,"color":null},{"id":"3SgZnfV2btw_IbSXPYhWa","labelName":"Conversation Recap","parentId":null,"color":null},{"id":"5njAKstgXlOJQgcy3__-j","labelName":"Agent Verify Resolution","parentId":null,"color":null},{"id":"pxXwUOtFQTkagE1O3DIT4","labelName":"Interaction Closing","parentId":null,"color":null}]},{"index":2,"labelItems":[{"id":"42mfNS7cP9VP53E2U-1FW","labelName":"What is the caller looking for?","parentId":null,"color":null}]}],"labels":[],"comments":[]}
