{"sentences":[{"id":0,"content":"thank you for calling the hi my name is anthony how can","tokens":["thank","you","for","calling","the","hi","my","name","is","anthony","how","can"],"labels":[],"metadata":[{"key":"speaker","value":"agent","pinned":true}]},{"id":1,"content":"yeah","tokens":["yeah"],"labels":[],"metadata":[{"key":"speaker","value":"customer","pinned":true}]},{"id":2,"content":"i help you","tokens":["i","help","you"],"labels":[],"metadata":[{"key":"speaker","value":"agent","pinned":true}]},{"id":3,"content":"hi aah my name is to care route and i was calling to check on the promotion that i thought qualify for but i","tokens":["hi","aah","my","name","is","to","care","route","and","i","was","calling","to","check","on","the","promotion","that","i","thought","qualify","for","but","i"],"labels":[],"metadata":[{"key":"speaker","value":"customer","pinned":true}]},{"id":4,"content":"okay","tokens":["okay"],"labels":[],"metadata":[{"key":"speaker","value":"agent","pinned":true}]},{"id":5,"content":"don't see it on my account","tokens":["do","n't","see","it","on","my","account"],"labels":[],"metadata":[{"key":"speaker","value":"customer","pinned":true}]},{"id":6,"content":"okay what from us is it","tokens":["okay","what","from","us","is","it"],"labels":[],"metadata":[{"key":"speaker","value":"agent","pinned":true}]},{"id":7,"content":"aah it was a c z or three hundred","tokens":["aah","it","was","a","c","z","or","three","hundred"],"labels":[],"metadata":[{"key":"speaker","value":"customer","pinned":true}]},{"id":8,"content":"see the aah for three hundred is that the that","tokens":["see","the","aah","for","three","hundred","is","that","the","that"],"labels":[],"metadata":[{"key":"speaker","value":"agent","pinned":true}]},{"id":9,"content":"it","tokens":["it"],"labels":[],"metadata":[{"key":"speaker","value":"customer","pinned":true}]},{"id":10,"content":"twenty","tokens":["twenty"],"labels":[],"metadata":[{"key":"speaker","value":"agent","pinned":true}]},{"id":11,"content":"it","tokens":["it"],"labels":[],"metadata":[{"key":"speaker","value":"customer","pinned":true}]},{"id":12,"content":"get","tokens":["get"],"labels":[],"metadata":[{"key":"speaker","value":"agent","pinned":true}]},{"id":13,"content":"was","tokens":["was"],"labels":[],"metadata":[{"key":"speaker","value":"customer","pinned":true}]},{"id":14,"content":"three and","tokens":["three","and"],"labels":[],"metadata":[{"key":"speaker","value":"agent","pinned":true}]},{"id":15,"content":"yes","tokens":["yes"],"labels":[],"metadata":[{"key":"speaker","value":"customer","pinned":true}]},{"id":16,"content":"into that for you give me one second can you provide your phone number","tokens":["into","that","for","you","give","me","one","second","can","you","provide","your","phone","number"],"labels":[],"metadata":[{"key":"speaker","value":"agent","pinned":true}]},{"id":17,"content":"it's gonna be two one four six three six nine eight six seven","tokens":["it","'s","gonna","be","two","one","four","six","three","six","nine","eight","six","seven"],"labels":[],"metadata":[{"key":"speaker","value":"customer","pinned":true}]},{"id":18,"content":"alright can i get your first and last name please","tokens":["alright","can","i","get","your","first","and","last","name","please"],"labels":[],"metadata":[{"key":"speaker","value":"agent","pinned":true}]},{"id":19,"content":"aah first name is kia last name is those","tokens":["aah","first","name","is","kia","last","name","is","those"],"labels":[],"metadata":[{"key":"speaker","value":"customer","pinned":true}]},{"id":20,"content":"yeah aah when i got to two different names","tokens":["yeah","aah","when","i","got","to","two","different","names"],"labels":[],"metadata":[{"key":"speaker","value":"agent","pinned":true}]},{"id":21,"content":"okay","tokens":["okay"],"labels":[],"metadata":[{"key":"speaker","value":"customer","pinned":true}]},{"id":22,"content":"yeah","tokens":["yeah"],"labels":[],"metadata":[{"key":"speaker","value":"agent","pinned":true}]},{"id":23,"content":"under that now we get one of them is","tokens":["under","that","now","we","get","one","of","them","is"],"labels":[],"metadata":[{"key":"speaker","value":"customer","pinned":true}]},{"id":24,"content":"one","tokens":["one"],"labels":[],"metadata":[{"key":"speaker","value":"agent","pinned":true}]},{"id":25,"content":"my mother in one i'm i have","tokens":["my","mother","in","one","i","'m","i","have"],"labels":[],"metadata":[{"key":"speaker","value":"customer","pinned":true}]},{"id":26,"content":"five","tokens":["five"],"labels":[],"metadata":[{"key":"speaker","value":"agent","pinned":true}]},{"id":27,"content":"we we have a the same number my","tokens":["we","we","have","a","the","same","number","my"],"labels":[],"metadata":[{"key":"speaker","value":"customer","pinned":true}]},{"id":28,"content":"oh","tokens":["oh"],"labels":[],"metadata":[{"key":"speaker","value":"agent","pinned":true}]},{"id":29,"content":"name is to care","tokens":["name","is","to","care"],"labels":[],"metadata":[{"key":"speaker","value":"customer","pinned":true}]},{"id":30,"content":"okay","tokens":["okay"],"labels":[],"metadata":[{"key":"speaker","value":"agent","pinned":true}]},{"id":31,"content":"and my mother is tasha","tokens":["and","my","mother","is","tasha"],"labels":[],"metadata":[{"key":"speaker","value":"customer","pinned":true}]},{"id":32,"content":"aah okay","tokens":["aah","okay"],"labels":[],"metadata":[{"key":"speaker","value":"agent","pinned":true}]},{"id":33,"content":"but i","tokens":["but","i"],"labels":[],"metadata":[{"key":"speaker","value":"customer","pinned":true}]},{"id":34,"content":"so","tokens":["so"],"labels":[],"metadata":[{"key":"speaker","value":"agent","pinned":true}]},{"id":35,"content":"can give","tokens":["can","give"],"labels":[],"metadata":[{"key":"speaker","value":"customer","pinned":true}]},{"id":36,"content":"i","tokens":["i"],"labels":[],"metadata":[{"key":"speaker","value":"agent","pinned":true}]},{"id":37,"content":"you my","tokens":["you","my"],"labels":[],"metadata":[{"key":"speaker","value":"customer","pinned":true}]},{"id":38,"content":"see","tokens":["see"],"labels":[],"metadata":[{"key":"speaker","value":"agent","pinned":true}]},{"id":39,"content":"aah email try","tokens":["aah","email","try"],"labels":[],"metadata":[{"key":"speaker","value":"customer","pinned":true}]},{"id":40,"content":"yeah let's do the email so i can failure","tokens":["yeah","let","'s","do","the","email","so","i","can","failure"],"labels":[],"metadata":[{"key":"speaker","value":"agent","pinned":true}]},{"id":41,"content":"okay it's gonna be t a s h j a w at yahoo come","tokens":["okay","it","'s","gonna","be","t","a","s","h","j","a","w","at","yahoo","come"],"labels":[],"metadata":[{"key":"speaker","value":"customer","pinned":true}]},{"id":42,"content":"aah right and two security question for you can i get your favorite support team","tokens":["aah","right","and","two","security","question","for","you","can","i","get","your","favorite","support","team"],"labels":[],"metadata":[{"key":"speaker","value":"agent","pinned":true}]},{"id":43,"content":"cap voice","tokens":["cap","voice"],"labels":[],"metadata":[{"key":"speaker","value":"customer","pinned":true}]},{"id":44,"content":"alright and your favorite sport","tokens":["alright","and","your","favorite","sport"],"labels":[],"metadata":[{"key":"speaker","value":"agent","pinned":true}]},{"id":45,"content":"google","tokens":["google"],"labels":[],"metadata":[{"key":"speaker","value":"customer","pinned":true}]},{"id":46,"content":"all right when did you let me see you're sign update was the twenty seventh of february","tokens":["all","right","when","did","you","let","me","see","you're","sign","update","was","the","twenty","seventh","of","february"],"labels":[],"metadata":[{"key":"speaker","value":"agent","pinned":true}]},{"id":47,"content":"yeah i think that's your like two weeks ago to sunday go i believe i found out","tokens":["yeah","i","think","that","'s","your","like","two","weeks","ago","to","sunday","go","i","believe","i","found","out"],"labels":[],"metadata":[{"key":"speaker","value":"customer","pinned":true}]},{"id":48,"content":"okay that's my mouse that three hundred dollar sign on bonus ended january twenty six or seven aah five thousand three hundred oh so you're talking about","tokens":["okay","that","'s","my","mouse","that","three","hundred","dollar","sign","on","bonus","ended","january","twenty","six","or","seven","aah","five","thousand","three","hundred","oh","so","you're","talking","about"],"labels":[],"metadata":[{"key":"speaker","value":"agent","pinned":true}]},{"id":49,"content":"'cause","tokens":["'","cause"],"labels":[],"metadata":[{"key":"speaker","value":"customer","pinned":true}]},{"id":50,"content":"the bit","tokens":["the","bit"],"labels":[],"metadata":[{"key":"speaker","value":"agent","pinned":true}]},{"id":51,"content":"i thought","tokens":["i","thought"],"labels":[],"metadata":[{"key":"speaker","value":"customer","pinned":true}]},{"id":52,"content":"twenty","tokens":["twenty"],"labels":[],"metadata":[{"key":"speaker","value":"agent","pinned":true}]},{"id":53,"content":"i seen","tokens":["i","seen"],"labels":[],"metadata":[{"key":"speaker","value":"customer","pinned":true}]},{"id":54,"content":"get","tokens":["get"],"labels":[],"metadata":[{"key":"speaker","value":"agent","pinned":true}]},{"id":55,"content":"it","tokens":["it"],"labels":[],"metadata":[{"key":"speaker","value":"customer","pinned":true}]},{"id":56,"content":"three hundred correct","tokens":["three","hundred","correct"],"labels":[],"metadata":[{"key":"speaker","value":"agent","pinned":true}]},{"id":57,"content":"yeah i thought i seen","tokens":["yeah","i","thought","i","seen"],"labels":[],"metadata":[{"key":"speaker","value":"customer","pinned":true}]},{"id":58,"content":"yeah","tokens":["yeah"],"labels":[],"metadata":[{"key":"speaker","value":"agent","pinned":true}]},{"id":59,"content":"that cold","tokens":["that","cold"],"labels":[],"metadata":[{"key":"speaker","value":"customer","pinned":true}]},{"id":60,"content":"that","tokens":["that"],"labels":[],"metadata":[{"key":"speaker","value":"agent","pinned":true}]},{"id":61,"content":"up there","tokens":["up","there"],"labels":[],"metadata":[{"key":"speaker","value":"customer","pinned":true}]},{"id":62,"content":"one","tokens":["one"],"labels":[],"metadata":[{"key":"speaker","value":"agent","pinned":true}]},{"id":63,"content":"when i signed","tokens":["when","i","signed"],"labels":[],"metadata":[{"key":"speaker","value":"customer","pinned":true}]},{"id":64,"content":"do that one expired on the twelfth i just expire","tokens":["do","that","one","expired","on","the","twelfth","i","just","expire"],"labels":[],"metadata":[{"key":"speaker","value":"agent","pinned":true}]},{"id":65,"content":"so","tokens":["so"],"labels":[],"metadata":[{"key":"speaker","value":"customer","pinned":true}]},{"id":66,"content":"so the one","tokens":["so","the","one"],"labels":[],"metadata":[{"key":"speaker","value":"agent","pinned":true}]},{"id":67,"content":"even when i","tokens":["even","when","i"],"labels":[],"metadata":[{"key":"speaker","value":"customer","pinned":true}]},{"id":68,"content":"that","tokens":["that"],"labels":[],"metadata":[{"key":"speaker","value":"agent","pinned":true}]},{"id":69,"content":"signed","tokens":["signed"],"labels":[],"metadata":[{"key":"speaker","value":"customer","pinned":true}]},{"id":70,"content":"we have","tokens":["we","have"],"labels":[],"metadata":[{"key":"speaker","value":"agent","pinned":true}]},{"id":71,"content":"up","tokens":["up"],"labels":[],"metadata":[{"key":"speaker","value":"customer","pinned":true}]},{"id":72,"content":"on there go ahead","tokens":["on","there","go","ahead"],"labels":[],"metadata":[{"key":"speaker","value":"agent","pinned":true}]},{"id":73,"content":"when i signed up i thought i the code in there 'cause it was before","tokens":["when","i","signed","up","i","thought","i","the","code","in","there","'","cause","it","was","before"],"labels":[],"metadata":[{"key":"speaker","value":"customer","pinned":true}]},{"id":74,"content":"aah","tokens":["aah"],"labels":[],"metadata":[{"key":"speaker","value":"agent","pinned":true}]},{"id":75,"content":"to twelve i think the","tokens":["to","twelve","i","think","the"],"labels":[],"metadata":[{"key":"speaker","value":"customer","pinned":true}]},{"id":76,"content":"yeah","tokens":["yeah"],"labels":[],"metadata":[{"key":"speaker","value":"agent","pinned":true}]},{"id":77,"content":"could up","tokens":["could","up"],"labels":[],"metadata":[{"key":"speaker","value":"customer","pinned":true}]},{"id":78,"content":"definitely yeah it was before the don't see the code in a welcome so william here and no code no bonus it's under your registration so maybe answered it in correctly maybe it just didn't register i'm not sure aah don't","tokens":["definitely","yeah","it","was","before","the","do","n't","see","the","code","in","a","welcome","so","william","here","and","no","code","no","bonus","it","'s","under","your","registration","so","maybe","answered","it","in","correctly","maybe","it","just","did","n't","register","i","'m","not","sure","aah","do","n't"],"labels":[],"metadata":[{"key":"speaker","value":"agent","pinned":true}]},{"id":79,"content":"maybe","tokens":["maybe"],"labels":[],"metadata":[{"key":"speaker","value":"customer","pinned":true}]},{"id":80,"content":"see the","tokens":["see","the"],"labels":[],"metadata":[{"key":"speaker","value":"agent","pinned":true}]},{"id":81,"content":"i","tokens":["i"],"labels":[],"metadata":[{"key":"speaker","value":"customer","pinned":true}]},{"id":82,"content":"code answered","tokens":["code","answered"],"labels":[],"metadata":[{"key":"speaker","value":"agent","pinned":true}]},{"id":83,"content":"up","tokens":["up"],"labels":[],"metadata":[{"key":"speaker","value":"customer","pinned":true}]},{"id":84,"content":"in here","tokens":["in","here"],"labels":[],"metadata":[{"key":"speaker","value":"agent","pinned":true}]},{"id":85,"content":"i thought","tokens":["i","thought"],"labels":[],"metadata":[{"key":"speaker","value":"customer","pinned":true}]},{"id":86,"content":"aah","tokens":["aah"],"labels":[],"metadata":[{"key":"speaker","value":"agent","pinned":true}]},{"id":87,"content":"i put it in numbers that's why i was one and i'm like what happened","tokens":["i","put","it","in","numbers","that","'s","why","i","was","one","and","i","'m","like","what","happened"],"labels":[],"metadata":[{"key":"speaker","value":"customer","pinned":true}]},{"id":88,"content":"right you already made a bit aah when did you place this was waived","tokens":["right","you","already","made","a","bit","aah","when","did","you","place","this","was","waived"],"labels":[],"metadata":[{"key":"speaker","value":"agent","pinned":true}]},{"id":89,"content":"aah i think was yesterday the day before","tokens":["aah","i","think","was","yesterday","the","day","before"],"labels":[],"metadata":[{"key":"speaker","value":"customer","pinned":true}]},{"id":90,"content":"yesterday","tokens":["yesterday"],"labels":[],"metadata":[{"key":"speaker","value":"agent","pinned":true}]},{"id":91,"content":"i believe","tokens":["i","believe"],"labels":[],"metadata":[{"key":"speaker","value":"customer","pinned":true}]},{"id":92,"content":"because","tokens":["because"],"labels":[],"metadata":[{"key":"speaker","value":"agent","pinned":true}]},{"id":93,"content":"it","tokens":["it"],"labels":[],"metadata":[{"key":"speaker","value":"customer","pinned":true}]},{"id":94,"content":"you","tokens":["you"],"labels":[],"metadata":[{"key":"speaker","value":"agent","pinned":true}]},{"id":95,"content":"was","tokens":["was"],"labels":[],"metadata":[{"key":"speaker","value":"customer","pinned":true}]},{"id":96,"content":"still","tokens":["still"],"labels":[],"metadata":[{"key":"speaker","value":"agent","pinned":true}]},{"id":97,"content":"just","tokens":["just"],"labels":[],"metadata":[{"key":"speaker","value":"customer","pinned":true}]},{"id":98,"content":"to be eligible for the aah eleven hundred dollar insurance just when did you when you're wager or did you lose","tokens":["to","be","eligible","for","the","aah","eleven","hundred","dollar","insurance","just","when","did","you","when","you're","wager","or","did","you","lose"],"labels":[],"metadata":[{"key":"speaker","value":"agent","pinned":true}]},{"id":99,"content":"no aah no i aloft","tokens":["no","aah","no","i","aloft"],"labels":[],"metadata":[{"key":"speaker","value":"customer","pinned":true}]},{"id":100,"content":"you lost okay so you still should be","tokens":["you","lost","okay","so","you","still","should","be"],"labels":[],"metadata":[{"key":"speaker","value":"agent","pinned":true}]},{"id":101,"content":"oh","tokens":["oh"],"labels":[],"metadata":[{"key":"speaker","value":"customer","pinned":true}]},{"id":102,"content":"eligible before the","tokens":["eligible","before","the"],"labels":[],"metadata":[{"key":"speaker","value":"agent","pinned":true}]},{"id":103,"content":"oh","tokens":["oh"],"labels":[],"metadata":[{"key":"speaker","value":"customer","pinned":true}]},{"id":104,"content":"end surance how much did you place on the way through","tokens":["end","surance","how","much","did","you","place","on","the","way","through"],"labels":[],"metadata":[{"key":"speaker","value":"agent","pinned":true}]},{"id":105,"content":"fifty","tokens":["fifty"],"labels":[],"metadata":[{"key":"speaker","value":"customer","pinned":true}]},{"id":106,"content":"the switch you'll be getting fifty dollars back here the next couple days that's","tokens":["the","switch","you","'ll","be","getting","fifty","dollars","back","here","the","next","couple","days","that","'s"],"labels":[],"metadata":[{"key":"speaker","value":"agent","pinned":true}]},{"id":107,"content":"oh","tokens":["oh"],"labels":[],"metadata":[{"key":"speaker","value":"customer","pinned":true}]},{"id":108,"content":"the","tokens":["the"],"labels":[],"metadata":[{"key":"speaker","value":"agent","pinned":true}]},{"id":109,"content":"we'll","tokens":["we","'ll"],"labels":[],"metadata":[{"key":"speaker","value":"customer","pinned":true}]},{"id":110,"content":"current","tokens":["current"],"labels":[],"metadata":[{"key":"speaker","value":"agent","pinned":true}]},{"id":111,"content":"take a","tokens":["take","a"],"labels":[],"metadata":[{"key":"speaker","value":"customer","pinned":true}]},{"id":112,"content":"promotions","tokens":["promotions"],"labels":[],"metadata":[{"key":"speaker","value":"agent","pinned":true}]},{"id":113,"content":"couple of days","tokens":["couple","of","days"],"labels":[],"metadata":[{"key":"speaker","value":"customer","pinned":true}]},{"id":114,"content":"aah yeah it looks like a couple days aah just for the inconvenience spell that you have three hundred i can go ahead and plug that fifty off for you now so","tokens":["aah","yeah","it","looks","like","a","couple","days","aah","just","for","the","inconvenience","spell","that","you","have","three","hundred","i","can","go","ahead","and","plug","that","fifty","off","for","you","now","so"],"labels":[],"metadata":[{"key":"speaker","value":"agent","pinned":true}]},{"id":115,"content":"okay","tokens":["okay"],"labels":[],"metadata":[{"key":"speaker","value":"customer","pinned":true}]},{"id":116,"content":"you don't have to wait for right","tokens":["you","do","n't","have","to","wait","for","right"],"labels":[],"metadata":[{"key":"speaker","value":"agent","pinned":true}]},{"id":117,"content":"okay that'd be super","tokens":["okay","that","'d","be","super"],"labels":[],"metadata":[{"key":"speaker","value":"customer","pinned":true}]},{"id":118,"content":"all right second five let me place you on a brief hold i'll be right back with you okay","tokens":["all","right","second","five","let","me","place","you","on","a","brief","hold","i","'ll","be","right","back","with","you","okay"],"labels":[],"metadata":[{"key":"speaker","value":"agent","pinned":true}]},{"id":119,"content":"yes","tokens":["yes"],"labels":[],"metadata":[{"key":"speaker","value":"customer","pinned":true}]},{"id":120,"content":"right","tokens":["right"],"labels":[],"metadata":[{"key":"speaker","value":"agent","pinned":true}]},{"id":121,"content":"'cause account","tokens":["'","cause","account"],"labels":[],"metadata":[{"key":"speaker","value":"customer","pinned":true}]},{"id":122,"content":"okay miss rose that that fifty dollar credit on your account","tokens":["okay","miss","rose","that","that","fifty","dollar","credit","on","your","account"],"labels":[],"metadata":[{"key":"speaker","value":"agent","pinned":true}]},{"id":123,"content":"okay","tokens":["okay"],"labels":[],"metadata":[{"key":"speaker","value":"customer","pinned":true}]},{"id":124,"content":"all","tokens":["all"],"labels":[],"metadata":[{"key":"speaker","value":"agent","pinned":true}]},{"id":125,"content":"next time","tokens":["next","time"],"labels":[],"metadata":[{"key":"speaker","value":"customer","pinned":true}]},{"id":126,"content":"right","tokens":["right"],"labels":[],"metadata":[{"key":"speaker","value":"agent","pinned":true}]},{"id":127,"content":"i just have to make sure i put the code january","tokens":["i","just","have","to","make","sure","i","put","the","code","january"],"labels":[],"metadata":[{"key":"speaker","value":"customer","pinned":true}]},{"id":128,"content":"yeah definitely definitely","tokens":["yeah","definitely","definitely"],"labels":[],"metadata":[{"key":"speaker","value":"agent","pinned":true}]},{"id":129,"content":"okay well thank","tokens":["okay","well","thank"],"labels":[],"metadata":[{"key":"speaker","value":"customer","pinned":true}]},{"id":130,"content":"was","tokens":["was"],"labels":[],"metadata":[{"key":"speaker","value":"agent","pinned":true}]},{"id":131,"content":"you","tokens":["you"],"labels":[],"metadata":[{"key":"speaker","value":"customer","pinned":true}]},{"id":132,"content":"at all no problem you have","tokens":["at","all","no","problem","you","have"],"labels":[],"metadata":[{"key":"speaker","value":"agent","pinned":true}]},{"id":133,"content":"that'll","tokens":["that","'ll"],"labels":[],"metadata":[{"key":"speaker","value":"customer","pinned":true}]},{"id":134,"content":"yourself","tokens":["yourself"],"labels":[],"metadata":[{"key":"speaker","value":"agent","pinned":true}]},{"id":135,"content":"be","tokens":["be"],"labels":[],"metadata":[{"key":"speaker","value":"customer","pinned":true}]},{"id":136,"content":"a nice day","tokens":["a","nice","day"],"labels":[],"metadata":[{"key":"speaker","value":"agent","pinned":true}]},{"id":137,"content":"you too","tokens":["you","too"],"labels":[],"metadata":[{"key":"speaker","value":"customer","pinned":true}]},{"id":138,"content":"right","tokens":["right"],"labels":[],"metadata":[{"key":"speaker","value":"agent","pinned":true}]},{"id":139,"content":"bye","tokens":["bye"],"labels":[],"metadata":[{"key":"speaker","value":"customer","pinned":true}]},{"id":140,"content":"bye bye","tokens":["bye","bye"],"labels":[],"metadata":[{"key":"speaker","value":"agent","pinned":true}]},{"id":141,"content":"","tokens":[],"labels":[],"metadata":[{"key":"speaker","value":"","pinned":true}]}],"labelerInfo":{"id":3732,"email":"raden.fikri@datasaur.ai","displayName":"Raden Fikri Ihza Dwi Nanda"},"labelSets":[{"index":0,"labelItems":[{"id":"nKL3G7BYmaZQN4dhh3Vt6","labelName":"Incorrect Phrase","parentId":null,"color":null},{"id":"H1mdmWGabDLNxk8SPDF0b","labelName":"Ambiguous Phrase","parentId":null,"color":null},{"id":"mrxXJVJd5EPCY1H0ohS7T","labelName":"DLM","parentId":null,"color":null},{"id":"fuySN6A-JXzWQtxXh8CNh","labelName":"Interaction Greeting","color":null}]},{"index":1,"labelItems":[{"id":"L_cCYcsBujUPySm0wy4KQ","labelName":"Paraphrasing​","parentId":null,"color":null},{"id":"1-gtPELa9guNa5QitLpnI","labelName":"Interaction Ownership​","parentId":null,"color":null},{"id":"3vBhgbkfAEtZSatKosMDy","labelName":"Agent Probing​","parentId":null,"color":null},{"id":"Aw8BubJsDBZC-SP9lHxet","labelName":"Offer Self Help​","parentId":null,"color":null},{"id":"MUREhm6MlSLCC7HLWx8Uf","labelName":"Offer Additional Assistance​","parentId":null,"color":null},{"id":"t1eDBMnM8Gyarze3XHeQm","labelName":"Willingness to Assist​","parentId":null,"color":null},{"id":"qMgyiEJYM60xDXeDqUqCc","labelName":"Agent Politeness​","parentId":null,"color":null},{"id":"wVFXoJmoN8cmHYC0_fhj8","labelName":"Agent Rapport​","parentId":null,"color":null},{"id":"WpkYoqBbuXbI2amo0pPSG","labelName":"Agent Inactive Listening​","parentId":null,"color":null},{"id":"jdb2pNyWCqF3aDTHhoXex","labelName":"Agent Rudeness​","parentId":null,"color":null},{"id":"MZqniESoD55qDObtTp3Vw","labelName":"Agent Empathy​","parentId":null,"color":null},{"id":"8msAkL6RrB6K6rnnGUMiH","labelName":"Lack of confidence​","parentId":null,"color":null},{"id":"dcKzZX_NCdUttfkZEOEgp","labelName":"Interaction Greeting","parentId":null,"color":null},{"id":"cOfaOEwuUym4YzDBGEvTE","labelName":"Company Name​","parentId":null,"color":null},{"id":"SN85C2rQQL98DtPtrY_o9","labelName":"Agent Introduction","parentId":null,"color":null},{"id":"oekwyozExuTAolGMj6eTp","labelName":"Customer Introduction","parentId":null,"color":null},{"id":"dJMP6jGn1h27cxYQZfMzE","labelName":"Authenticate Customer​","parentId":null,"color":null},{"id":"Uy6yZAw88I-zz0dre74kl","labelName":"Required Disclosures​","parentId":null,"color":null},{"id":"8s78v7LXjYOUAu4vfTEu4","labelName":"Agent Profanity","parentId":null,"color":null},{"id":"3SgZnfV2btw_IbSXPYhWa","labelName":"Conversation Recap","parentId":null,"color":null},{"id":"5njAKstgXlOJQgcy3__-j","labelName":"Agent Verify Resolution","parentId":null,"color":null},{"id":"pxXwUOtFQTkagE1O3DIT4","labelName":"Interaction Closing","parentId":null,"color":null}]},{"index":2,"labelItems":[{"id":"42mfNS7cP9VP53E2U-1FW","labelName":"What is the caller looking for?","parentId":null,"color":null}]}],"labels":[],"comments":[]}
