{"sentences":[{"id":0,"content":"The Little Prince is a novella by French aristocrat, writer, and aviator Antoine de Saint-Exupéry. ","tokens":["The","Little","Prince","is","a","novella","by","French","aristocrat",",","writer",",","and","aviator","Antoine","de","Saint","-","Exupéry","."],"labels":[],"metadata":[]},{"id":1,"content":"It was first published in English and French in the US by Reynal & Hitchcock in April 1943, and posthumously in France following the liberation of France as Saint-Exupéry's works had been banned by the Vichy Regime. ","tokens":["It","was","first","published","in","English","and","French","in","the","US","by","Reynal","&","Hitchcock","in","April","1943",",","and","posthumously","in","France","following","the","liberation","of","France","as","Saint","-","ry","'s","works","had","been","banned","by","the","Vichy","Regime","."],"labels":[],"metadata":[]},{"id":2,"content":"The story follows a young prince who visits various planets in space, including Earth, and addresses themes of loneliness, friendship, love, and loss. ","tokens":["The","story","follows","a","young","prince","who","visits","various","planets","in","space",",","including","Earth",",","and","addresses","themes","of","loneliness",",","friendship",",","love",",","and","loss","."],"labels":[],"metadata":[]},{"id":3,"content":"Despite its style as a children's book, The Little Prince makes poignant observations about life and human nature.","tokens":["Despite","its","style","as","a","children","'s","book",",","The","Little","Prince","makes","poignant","observations","about","life","and","human","nature","."],"labels":[],"metadata":[]},{"id":4,"content":"The Little Prince became Saint-Exupéry's most successful work, selling an estimated 140 million copies worldwide, which makes it one of the best-selling and most translated books ever published. ","tokens":["The","Little","Prince","became","Saint","-","ry","'s","most","successful","work",",","selling","an","estimated","140","million","copies","worldwide",",","which","makes","it","one","of","the","best","-","selling","and","most","translated","books","ever","published","."],"labels":[],"metadata":[]},{"id":5,"content":"It has been translated into 361 languages and dialects.","tokens":["It","has","been","translated","into","361","languages","and","dialects","."],"labels":[],"metadata":[]},{"id":6,"content":"The Little Prince has been adapted to numerous art forms and media, including audio recordings, radio plays, live stage, film, television, ballet, and opera.","tokens":["The","Little","Prince","has","been","adapted","to","numerous","art","forms","and","media",",","including","audio","recordings",",","radio","plays",",","live","stage",",","film",",","television",",","ballet",",","and","opera","."],"labels":[],"metadata":[]}],"labelerInfo":{"id":23,"email":"ivan.marcellino@gdplabs.id","displayName":"ivan.marcellino@gdplabs.id"},"labelSets":[],"labels":[],"comments":[]}
